review_text,review_rate,review_time
Bagus banget! Banyak spot foto dan tempatnya rapi. Sayang ngga punya cukup banyak waktu buat eksplore. â€¦,5 bintang,2 minggu lalu
"Akses jalanan nya mulus dan mudah mencapai ke area pantai ini.
Banyak penjual makanan ataupun minuman
Menurut saya pantai nya biasa saja untuk kategori daerah Bali. â€¦",3 bintang,seminggu lalu
"Terakhir kesana tahun 2016 masih belum banyak pembangunan. Pantai bersih dan masih sepi pengunjung. Sekarang sudah banyak pembangunan dan fasilitas. Hanyak pantai menjadi lebih kotor. Ombak tenang, pasir putih, jadi aman anak2 bermain di bibir pantai. Menyewa kursi pantai 50rb per 3 jam dan bayar kamar mandi hanya 3000 rupiah saja",5 bintang,sebulan lalu
"Pantai yang bagus banget, bersih, luas, pemandangan bagus. Harga tiket kurang tahu karena ikut tour travel. Foto saat covid 12/2020",5 bintang,2 minggu lalu
"Selain melasti beach, pandawa beach salah satu pantai yang harus dikunjungi di bali. Dimulai dari pemandangan menuju pantai yang indah dan juga pantainya yg indah jg. Walaupun saya kesana siang hari jam 13, tidak terlalu panas juga. Hanya â€¦",4 bintang,4 minggu lalu
Masuk ke kawasan Pantai Pandawa dikenakan biaya masuk yang tergolong murah di bawah Rp10 ribu per orang. Harga tiket tersebut belum termasuk biaya parkir yang menyesuaikan jenisnya. Parkir motor sekitar Rp2 ribu dan mobil sekitar Rp5 ribu.5 Nov 2023,5 bintang,sebulan lalu
"Kalo ditanya keluarga pantai mana yang bagus, langsung bawa ke sini aja. Apalagi kalo bawa orangtua yang pengennya duduk-duduk sambil makan karena di sini banyak pedagang dan harganya terjangkau. Kebanyakan pantai yang estetik di area â€¦",4 bintang,sebulan lalu
"Pantai Pandawa terletak di Desa Kutuh, Kuta Selatan, Badung, Bali. Pantai Pandawa bisa ditempuh sekitar 30-40 menitan dari Kuta. Pandawa memiliki pemandangan yang indah yaitu tebing yang tinggi menjulang di bagian kiri dan kanan, yang â€¦",4 bintang,sebulan lalu
"Pantainya sih ya B aja, namun bagian atasnya memang yang iconic banget, perjalanan dengan samping kanan kiri bukit â€¦",5 bintang,3 bulan lalu
"Full nih pantai kalau pas musim liburan, emang view keren abiz. Tiket masuk per2024 sekarang 15.000 perorang",5 bintang,sebulan lalu
"Sudah di Denpasar rasanya ingin kunjungi semua pantai wisata di Bali.
Sabtu berangkat, setelah melalui jalan Tol, lewati Benoa, tiba Pantai Pandawa.
Jalan akses masuk Pantai Pandawa mulus, setelah bayar tiket di gerbang, nampak â€¦",5 bintang,4 bulan lalu
Salah satu pilihan tempat wisata di Bali Selatan. Pantai Pandawa dipenuhi hamparan pasir putih dan bebatuan dengan air yang biru menyejukan mata. Akses menuju pantai ini juga menanjak sehingga harus hati-hati. Harga tiket masuk sekitar â€¦,5 bintang,3 bulan lalu
"Salah satu pantai terbaik yang ada di indonesia..
Viewnya bagus, pedagang kaki 5 minim.
Yaa bagusnya view dari atas sih kalo udah di bawah jadi pantai biasa hehe.. â€¦",5 bintang,4 bulan lalu
"Pantainya cantik. Airnya bening banget. Ada tebing buat foto-foto. Ada HTMnya, tapi lupa berapa. Ngga terlalu mahal. Worth it dengan pemandangan dan fasilitasnya. Didalamnya ada saung2 yg bisa ditempati dgn bebas.",5 bintang,3 bulan lalu
"Pantai bersih, bagus, bisa sewa tempat duduk, bisa main kano juga, cocok juga untuk anak2",5 bintang,seminggu lalu
"Pantai Pandawa di Bali Selatan merupakan destinasi wisata yang memukau dengan paduan pasir putih dan air biru yang menenangkan mata. Meskipun akses ke pantai ini agak curam dan perjalanannya jauh dari Denpasar, pemandangan tebing tinggi di â€¦",5 bintang,2 bulan lalu
"Pantainya indah bersih, banyak sekali turis"" . Pengen lagi liburan kesana ğŸ˜‚ğŸ˜‚ğŸ¤£ğŸ¤£ğŸ¤£ğŸ™‹ğŸ½â€â™‚ï¸ â€¦",5 bintang,sebulan lalu
Pantai ini terletak di balik perbukitan dan sering disebut pantai rahasia. Disekitar pantai ini terdapat dua tebing yang sangat besar yang pada salah satu sisinya dipahat lima patung Pandawa dan Kunti. â€¦,4 bintang,3 bulan lalu
"Sangat ramai dan ini pantai komersil banget. Rekomendasi untuk yang liburan bareng keluarga ya karena memang family friendly. Cuman untuk yang mau berjemur atau tempat lebih sepi, bisa agak lurus lagi sampe mentok itu jalan pantai pandawa. â€¦",4 bintang,5 bulan lalu
"Dtg agak telat krn sampai sini hmpr jm 6 sore, jd gk sempet ke pantainya , mang tujuannya ke road point view ini , btl"" bagus bgt",5 bintang,sebulan lalu
"Pantainya cukup luas dan pas surut bisa untuk main canoe (seharga 50rb untuk sepuasnya, jangan lupa minta karcis ya), untuk masuknya per orang dikenakan 8rb dan kendaraan 2rb buat motor terus 5rb buat mobil â€¦",5 bintang,4 bulan lalu
"Pantai Pandawa adalah salah satu tempat wisata di area Kuta selatan, Kabupaten Badung, Bali. Pantai ini terletak di balik perbukitan dan sering disebut sebagai Pantai Rahasia (Secret Beach). Di sekitar pantai ini terdapat dua tebing yang â€¦",5 bintang,4 bulan lalu
"Pantainya bagus,bisa menikmati matahari terbenam di pantai ini.Di pantai ini ada yang menyewakan helikopter,kano,paralayang dan pelampung untuk menikmati area pantai.",5 bintang,2 bulan lalu
Pantai air jernih namun pasirnya berbatu sakit dan panas di kaki kalau siang menginjak batunya. Bisa menyewa kursi 20-50k dan bisa menyewa canoe disediakan pelampungnya juga jadi seru. Banyak yang menjajakan makanan dan oleh oleh juga.,5 bintang,5 bulan lalu
"Pemandangan sunsetnya indah sekaaaali! ğŸ˜»ğŸ˜» Pantai ini tipikal pantai pasir putih. Di pantainya banyak seperti lubang-lubang(?) hati-hati yaa nanti bisa jatuh. Ke sini waktu study tour, teman-teman banyak yang bermain kano dan bola. Menurut â€¦",5 bintang,sebulan lalu
Pantai Pandawa terletak di Kuta Selatan kabupaten Badung Bali. Pantai ini populer di KutSel. Kalau lancong ke Bali kurang afdol rasanya jika tidak ke pantai Pandawa. â€¦,5 bintang,3 bulan lalu
"Akhir desember 2020 ketika new normal kami mengunjungi bali, menggunakan kendaraan pribadi. Tiba di pelabuhan ketapang kami melakulan swab, dan ketika berlabuh di gili manuk dilakukan juga pemeriksaan yang ketat bagi yang akan memasuki â€¦",5 bintang,2 bulan lalu
"Pantai yg cukup indah, berpasir putih, ada kano sewa. Jalan msk membelah bukitÂ² kapur, mengagumkan, menjelang putaran msk ada patungÂ² di dindingÂ² bukit  di kanan ada shelter/ saungÂ² point view kawasan pantai dr ketinggian (disarankan â€¦",4 bintang,5 bulan lalu
"Misi mencari ""cepitan"" yang ramai ituu hehe. Rame banget guys di area batu kapurnya. Cuman oke lah yang penting pernah ğŸ«¶ â€¦",5 bintang,sebulan lalu
Pantai ini terletak di balik perbukitan dan sering disebut sebagai Pantai Rahasia. Di sekitar pantai ini terdapat dua tebing yang sangat besar yang pada salah satu sisinya dipahat lima patung Pandawa dan Kunti. Keenam patung tersebut secara â€¦,5 bintang,3 bulan lalu
"Pantai yang sekarang udah cukup terkenal dan akses masuknya jauh lebih bagus dibanding sebelumnya. Pantainya bersih, parkirannya luas tapi jauh dari area pantai. Bagusnya parkir mobil di bawah aja, di deket pantainya ada tanah kosong juga â€¦",5 bintang,6 bulan lalu
"Pantainya bagus, banyak orang yang bermain paralayang. Disarankan jangan datang siang siang dan gunakan sunscreen.",5 bintang,sebulan lalu
"Tempat wisata iconic di Bali, bersih dan sangat indah, mgkin hanya kurang di toilet nya saja, selebih nya sdh sgt oke",5 bintang,2 bulan lalu
"Pantai pasir putih, pemandangan laut lepas sangat eksotis dg ombak yang tidak terlalu tinggi, pengunjung bisa bermain air, berenang, dan mencoba bermain kano, ada keindahan lain yaitu view tebing cadas yang didesain artistik.",5 bintang,sebulan lalu
"Pantainya bagus, bersih dan ada sewa kano buat agak ketengah laut. Pantai msh bening banget airnya. Semoga begitu terus. Sampah tdk ada. Toilet gratis sedikit kebanyakan berbayar. Panasnya luar biasa disana.",5 bintang,2 bulan lalu
"Sekedar saran Lebih enak hunting saat hari kerja bebas untuk berfoto di lokasi ini,dengan tiket 18.000 include 2 orang dan parkir motor,sudah bisa menikmati 2 tempat berbeda. â€¦",4 bintang,5 bulan lalu
"Pantai Pandawa mungkin masih terdengar asing dan belum begitu terkenal untuk saat ini. Namun pantai ini menyimpan sejuta pesona yang belum terekspos dan masih terhimpit tebing kapur. Terletak di desa kutuh, Kecamatan Kuta Selatan, Kabupaten â€¦",5 bintang,4 bulan lalu
"Pantainya kurang bersih, apa mgk karena pas liburan.
Tempatnya overall cukup bagus.
Tiket masuk di kawasan ini ada bbrp pantai, tp loketnya dijalan awal masuk â€¦",4 bintang,7 bulan lalu
"Pantai Pandawa adalah salah satu tempat wisata di area Kuta selatan, Kabupaten Badung, Bali. Pantai ini terletak di balik perbukitan dan sering disebut sebagai Pantai Rahasia (Secret Beach). Di sekitar pantai ini terdapat dua tebing yang â€¦",5 bintang,4 bulan lalu
bagus..tapi kalau untuk orang indonesia asli jangan datang siang..soalnya panas..sore bagus untuk main air,5 bintang,3 minggu lalu
Pas hujan kesitu ahirnya basah basah tapi terbayar sudah bagus sekali pemandangannya,5 bintang,sebulan lalu
"Pantai yang indah, bagus untuk spot foto dari jalan atas menuju pantai. Hanya saja bau amis sangat tercium saat saya kesana.",4 bintang,4 bulan lalu
"Pantainya lumayan bagus, fasilitasnya lengkap. Ada banyak tempat makan di pinggir pantai.",4 bintang,2 bulan lalu
"Salah satu pantai menawan di Bali. Dengan area masuk melalui tebing yang di belah dan tebing yang diberi ceruk dengan beberapa patung Pandawa di dalamnya.
Terdapat mercusuar yang unik. Datanglah di pagi hari jam 08.00 sd 11.30 di kala â€¦",5 bintang,6 bulan lalu
"Tiket 9 rb
Es kelapa 20 rb
Sewa payung tepi pantai 50 rb/ jam bisa nego â€¦",5 bintang,3 bulan lalu
"Bagus banget pantai ini,dari Pandawa tinggal lurus belok kiri udh dapet spot yang aga sepi dan nyaman",4 bintang,3 minggu lalu
"Htm 8.000 lokal,
Kali kesini hendaknya pagi atau sore kecuali ingin berjemur, panas",5 bintang,2 bulan lalu
"Pasirnya putih, pantainya bersih, bagus. Tiket masuk dewasa 8rb, anak2 4rb, parkir mobil 5rb, ada persewaan kano juga (50k bisa dinaiki 3orang), persewaan tenda/payung (50k). Disetiap toko rata2 menyediakan toilet, jadi gak bingung jauh2 nyari toilet. ğŸ˜ â€¦",5 bintang,5 bulan lalu
Sangat bagus ketika datang pagi-pagi. Sangat sepi dan udaranya sejuk. Aksesnya sangat gampang jadi cocok untuk membawa keluarga disini,5 bintang,5 bulan lalu
Alahamdulillah bogor-bali akhirnya kesampean juga touring bareng istri .. insya allah pengen ksini lagi...,5 bintang,2 bulan lalu
"untuk kemarin saya kesana pantai nya sedang surut, kalau ingin ketengah harus menggunakan perahu dayung, dan  sayang kemarin saya kembali saat sunset:(",4 bintang,2 bulan lalu
"Pantainya bagus, pemandangan nya indah, ada tebing2 juga di kanan kiri bagus utk foto..
Nice..",5 bintang,5 bulan lalu
"Pantainya bagus, sudah rame sekali.",5 bintang,sebulan lalu
"Sewa payung 50 ribu. Lebih cocok sore hari kayanya kalau kesini, kalau siang hari panas sekali. Jangan lupa pakai topi, reapply sunscreen dan sunblock biar ga kena sunburn. Bisa sewa canoe disini. Tempat parkir juga luas. Untuk mobil dan bis dipisah parkirnya.",5 bintang,6 bulan lalu
"Pantai pandawa terletak di selatan pulau bali,memiliki ciri khas yaitu tebingnya dan disekitar jalan ke  pantai terdapat  patung-patung. Pantainya bersih dan pasirnya putih bersih. Fasilitasnya lengkap mulai dari parkir, toilet, tempat makan, tempat oleh-oleh, ATM dan ada juga jasa penyewaan tenda dan  kano.",5 bintang,7 bulan lalu
Tempat yang lagi viral terus berkendaraan ampe lewati parkiran,4 bintang,sebulan lalu
Jika ke bali wajib kesini saya saran kan kepantai ini dikala senja sore hari pemandangan foto bagus banget keren sekali,5 bintang,sebulan lalu
Pantainya bersih...anak2 bisa ciblon dsni. Utk ishoma hrs naik ke ruang dkat sprti aula ke lantai 3. Agak ngos2an tp okela.,4 bintang,5 bulan lalu
Satu kata pantai pandawa keren dalam setahun 2023 saya ke sini beserta keluarga.ticket murah makanannya enak.,5 bintang,seminggu lalu
"Sekitar tahun 2018 saya ke sini,, lalu tahun 2024 ke sini lagi, pantainya semakin pesat pembangunan fasilitas tempat wisatanya",5 bintang,sebulan lalu
"Pemandangan bagus
Tiket 30rb dewasa lokal
Toilet ada
Mushola ada",5 bintang,sebulan lalu
"Gampang kalau mau cari kelapa muda, makanan, & minuman lainnya, di pinggir pantai berjejer pedagang. Minusnya agak kotor dan berantakan aja siii. Tempat berteduh juga tidak terlalu banyak, tapi banyak yg menyediakan sewa tempat duduk + payung",4 bintang,seminggu lalu
"Pantai langganan karena cuma berjarak 10 menit dari rumah. Pasir putih & bersih. Air jernih & tenang. Suasana sangat cocok untuk duduk bersantai (sampai ketiduran) sambil makan atau nyemil. Kalau bosan santai-santai, alternatifnya disini juga bisa sewa kano.",5 bintang,6 bulan lalu
Sudah pasti pantai bertaraf internasional yang bagus.,5 bintang,3 minggu lalu
"Destinasi tebing batu
Cocok buat foto2
Pantainya bagus buat liat sunset",5 bintang,2 bulan lalu
"Keren deh disini, pas hari kerja jadi agak sepi dan tenang. Tempat yang ikonik. Kesini naik grab dari Jimbaran, setengah jam perjalanan kalau tidak macet. Banyak spot untuk foto, parkir juga luas. Tiket masuk cukup murah",5 bintang,7 bulan lalu
Bukit karang dideket pantai dengan air yg jernih biruu pasir putih bersih...masyaallah keren sekali,5 bintang,3 bulan lalu
"Pantainya cukup bagus, fasilitas lengkap.",4 bintang,2 bulan lalu
"Pantai bertebing di selatan Pulau Bali. Dengan pasir putih dan pemandangan yang sangat indah. Dari laut lepas, terdapat penghalang / barrier di depan pantai sehingga ada laguna berair tenang yang bisa dimanfaatkan untuk olahraga air, sepeti â€¦",5 bintang,9 bulan lalu
Keren banget kesini kalau pagi pagi bisa lihat sunrise dan foto di dekat tebing masih sepi. Wajib kesini pakai vespa biar lebih estetik hehehehe,5 bintang,6 bulan lalu
"Pemandangannya bagus , semakin ke atas banyak banget patungÂ² besar , dan banyak juga spot foto
Di jalur pantai ini ada beberapa pantai , suasanya enak bangetttttt , bikin betah ğŸ«¶ â€¦",5 bintang,8 bulan lalu
"Salah satu pantai favorite saya, lumayan jauh dari pusat kota, tapi sangat wajib dikunjungi! Better dateng pagi atau sore menjelang sunset biar ga panas. Biaya masuknya 8.000/orang dan 5.000 untuk mobil (Indonesian). Untuk duduk-duduk di â€¦",5 bintang,10 bulan lalu
"Selalu terpukau dengan view yang diberikan selama kami berlibur ke Pantai Pandawa via Tanah Barak, kami disambut oleh pemandangan bukit di Tanah Barak yang indah, sesampainya kami di Pantai Pandawa, semuanya ada lengkap, atm warung toilet semua tersedia. TerimakasihğŸ™ â€¦",5 bintang,7 bulan lalu
"Mulai awal baru dibuka sampai sekarang... Tetap pantai ğŸ¤­, Pandawa memang indah n keren, salah satu dari sekian banyak pantai di pulau Dewata.. â€¦",5 bintang,6 bulan lalu
Pantai ini sangat indah dan pemandangannya megah.,5 bintang,2 bulan lalu
"Sayangnya saya kesana pas cuaca mendung dan gwrimis, jadi viewnya kurang jelas.",5 bintang,3 bulan lalu
Salah satu pantai terbaik di Bali dengan pemandangan sunset dan pasir yang putih sekalipun udah agak kurang putih,5 bintang,2 bulan lalu
Pantai dan pemandangannya bagus dan kebersihannya terjaga,5 bintang,sebulan lalu
Pantai oke sangat bersih sekali. Bisa untuk berenang jika ombak bersahabat.,5 bintang,5 bulan lalu
"Seperti pantai-pantai di Bali pada umumnya, pantai Pandawa juga masih relwtif bagus, jernih airnya dengan pemandangan samudra hindia yang sangat biru nun jauh di sana. â€¦",5 bintang,10 bulan lalu
"Ke Pantai Pandawa baru pertama kali tahun 2015, dari tebing-tebing kapur tinggi menuju ke Pantai Pandawa begitu unik dan megah karena diapit tebing-tebing yang telah dibelah, ada patung-patung didalam tebing-tebing kapur tinggi diukir â€¦",5 bintang,6 bulan lalu
pantai dengan tebing yang bagus. di pagi hari suasana sepi dan tenang,5 bintang,sebulan lalu
Pantai cukup sepi dan tenang. Namun sayang kurang bersih dibandingkan Thn 2016 saat pertama berkunjung.,4 bintang,5 bulan lalu
"View nya sangat bagus
ada banyak spot foto untuk mengabadikan moment
tiket masuk nya worth it untuk berdua menggunakn motor 18 rb â€¦",5 bintang,9 bulan lalu
"Pantai indah yg tenang tdk langsung bertemu ombak besar Krn ada daratan /karang alami sebagai penghalang , jd bisa dimanfaatkan untuk mendayung canoe ğŸ‘ â€¦",5 bintang,5 bulan lalu
"Gileeeeeee
Pemandangan yg luar biasa pokoknya
Dari jakarta Motoran sama anak istri puas segala galannya, seketika lelah hilang â€¦",5 bintang,9 bulan lalu
Pantai yg sangat indah keren dgn pemandangan yg menakjubkan udara yg segar dgn pasilitas yg sangat baik,5 bintang,sebulan lalu
"Masih tetap seperti dulu, namun ada pelebaran di sisi kiri
Sewa payung 50 ribu, es kelapa muda (degan) 20 ribu, kalau makanan agak mahal 50 ribuan rata2. Bisa sewa kano â€¦",4 bintang,7 bulan lalu
"Saya datang pagi (jam 8). Pantai masih sepi sehingga lebih leluasa dan matahari masih belum terik. Sewa kano (50 ribu untuk satu jam - itu udh capek banget) dan bermain pasir di pinggir pantai. Jam 10 kita pulang, org2 pada datang. Oiya â€¦",5 bintang,sebulan lalu
"Seru bgt asli. Harus bgt kesini. Pemandangan bagus, bs foto di tebing, main pasir pantai yg bukan pasir (kerang2an), ombaknya seru jg. Saranku kl kesini sm keluarga mesti sewa payung n kursi pantai sih bt istirahat/berteduh/makan minum. Htm murah",5 bintang,sebulan lalu
Tiket masuk sangat murah pemandangan dan akses jalan sangat bagus ğŸ‘ğŸ‘ â€¦,5 bintang,2 bulan lalu
"Destinasi yang wajib juga di kunjungi, pantai Pandawa banyak tebing2 dan pantai yang luas dan ramai âœ¨ğŸ‘ â€¦",5 bintang,4 bulan lalu
"Pantai serta viewnya cantik bgt masya Allah, kalo berkunjung bisa datang agak pagi ato menjelang sunset",5 bintang,4 bulan lalu
"Enak ngabisin waktu sambil bengong dan tidur siang hahaaha. Masuknya murah aja 10k udah sama bayar parkir motor. Bisa ngeliatin orang-orang paragliding. Sewa payung disini 50k, gue juga beli kelapa 20k. Nggak terlalu rame pula.",5 bintang,9 bulan lalu
"Viewnya bagus. Pasir pantainya berbeda dengan di kuta, lebih berbatu. Banyak kios2 makanan yg harganya terjangkau..  Bisa nyewa  perahu cano juga, 50rb sepuasnya. Kalo airnya surut bisa jalan ke tengah pantai lagi.",5 bintang,7 bulan lalu
"Pantai bersih, pasirnya putih,kalo lurus ke barat bisa tembus pantai tanah barak dan juha jalan membelah tebing yg viral itu,,tiketnya murah2  kalo wisata di bali,,",5 bintang,7 bulan lalu
"Pantai yang wajib dikunjungi di bali, sangat ramai ,pemandangan laut yang indah dengan tebing2 yang tinggi",5 bintang,4 bulan lalu
"Bagus bgt pantainya masih biru, tiket masuk murah cuma 8rb perorang.
Area bersih gk ada sampah, banyak tempat nongkrong buat ngopi yg harganya juga murah. â€¦",5 bintang,8 bulan lalu
"Salah satu pantai bagus di Bali. Sekarang sudah cukup banyak pengunjung, tapi masih nyaman untuk didatangi. Cocok untuk menikmati suasana pantai dan suara ombak. Anginnya juga tidak terlalu kencang ketika pagi dan siang. Buat yang sudah â€¦",5 bintang,9 bulan lalu
"Dulu sya kesini, waktu study tour,tahun 2020 awal ada Corona di Indonesia, waktu itu saya tdk punya hp jadi tidak memfoto tempat"" di pantai ini,
Seingat ku ya tempat nya bagus, menarik,dulu panas jdi cuacanya agak panas gitu, tpi ya saya suka pantai pandawa ini,",5 bintang,2 bulan lalu
"Pantai Pandawa salah satu destinasi wisata alam yang populer di Bali, harga tiket masuk dan parkirnya juga murah. Akses untuk ke pantai jalannya sudah aspal bagus dan mudah dijangkau. Untuk fasilitas parkir luas dan banyak tempat makannya.",5 bintang,setahun lalu
"Pantai nya bersih , pemandangan nya dari atas bukit nya indah sekali , parkiran luas ...cocok untuk berlibur bareng keluarga dan jgn lupa ambil foto2nya dan video juga jd kan tempat ini menjd moment penting liburan anda di bali",5 bintang,7 bulan lalu
"Pantai yang indah, air lautnya biru, berpasir putih, ombak yang menggulung pun indah. Dengan ombak yang seperti itu, cocok buat kano (yang persewaannya juga disediakan di sana). Cukup ramai dengan turis domestik maupun mancanegara.",5 bintang,8 bulan lalu
Banyak spot foto yang bagus mulai dari jalan masuk sampai turun ke kawasan pantai. Kebersihan nya kurang di jaga.,4 bintang,7 bulan lalu
Pantainya oke cuma untuk view jujur masih kurang oke...karena pas kesana air surut jadi banyak liat karang aja,5 bintang,5 hari lalu
"harga tiket masuk murah,tapi pemandang lautnya sangat indah sekali..jauh'' datang dari bandung kebali naik motor,capek dijalan dibayar dengan keindahan ciptaan Allah SWT",5 bintang,7 bulan lalu
"Murah, air sejernih kristal...loved it",5 bintang,4 minggu lalu
"Keyen, Pantai di depannya Tebing. Banyak Warung Tradisional, Tempat Bilas dan Toilet",5 bintang,6 bulan lalu
"Pantai pandawa merupakan salah satu pantai yang sangat saya kagumi keindahan nya, pantainya luas, banyak spot foto yang instagramable, destinasi ini sungguh cocok buat backpacker-an, aku saranin kesini saat pagi dikarenakan masih sepi jadi â€¦",5 bintang,11 bulan lalu
"Mungkin karena sudah sore dan hujan, pantainya sepi berasa private beach. Sewa payung & bench murah hanya 50k, degan kelapa 20k. Penjual ramah. Biaya masuk pantai cuma 21k (2 dewasa 1 mobil)",5 bintang,setahun lalu
"pantainya bagus dan bersih , tebingnya khas banget , warung makan disana juga banyak dan not bad lah masakannya , malah ada yang enak banget.. kemarin sewa tenda buat nyantai di harga 50rb dan beli es kelapa , enak banget nyantai disini..",5 bintang,2 bulan lalu
Keeeeren buanget pokk ny luar biasa,5 bintang,3 minggu lalu
"Pantai nya bagus, bersih juga. Harga topi dan pernak pernik yang dijual di sekitar pantai juga terjangkau gak trlalu mahal seperti di tempat lain. Sudah bertahun tahun yang lalu pengen kesini tp baru terealisasi di th 2023 ğŸ˜Š â€¦",5 bintang,setahun lalu
Cukup betah dan ga mau beranjak pergi dr sini ğŸ‘ğŸ»âœŒ â€¦,4 bintang,sebulan lalu
"Bagus sih tapi air lautnya kotor penuh rumput laut, panas sekali melebihi jkt, mungkin *3 cukup utk Pantai ini",3 bintang,7 bulan lalu
"Harga masuk cukup mahal 20k per orang. Toilet nya kemprooooh, air gak keluar sama sekali, jadi toilet bau dan kotorrrr gak ada yang nyiram",1 bintang,sebulan lalu
"sangat bagus, perlu dikunjungi",5 bintang,2 bulan lalu
"Bagus lokasinya, wisata pantai yg mengasyikkan, air pantai yg jernih",5 bintang,7 bulan lalu
"Pantai yg sangat populer d bali, pantainya bagus keren indah, pantai jg bersih untuk akses ke pantai jg mudah jalan k pantai sudah bagus aspal semua harga tiket masuk murah, banyak spot foto2 keren. Recomended liburan k pantai pandawa.",5 bintang,10 bulan lalu
Udah beberapa kali ke bali tapi baru ini pertama kesini padahal sering liat di sosmed turis turis lokal pada kesini. Penasaran kesini ternyata ya emang vibenya lokal banget banyak warung di sepanjang pantai. Saya prefer kesini main ke beach club aja.,4 bintang,9 bulan lalu
"ga sia2 dari karawang ,dapet wisata yang kaya gini",5 bintang,2 bulan lalu
"the first time to Pandawa Beach, it's really cool, buddy, it feels amazing

kkemarin pas pergi ke 2 kali nya gue main kano sambil nikmatin sunset sambil ketawa ketiwi bareng sepupu dan my brader",5 bintang,setahun lalu
"pertama kali ksini dan langsung dpet 2 pantai sekaligus sama pantai barak.
sayangnya ksini waktu siang, panasnya berassa.
tp viewnya memang sebagus itu sih, tiektnya pun murah 2 orang naik motor 18k sja",5 bintang,sebulan lalu
"pertama kali kepantai ini, selama beberapa ke bali, jalan menuju kesana sepertinya membelah tebing-tebing dan diantar tebing ada patung patung lumayan bagus jalan menuju kesana dari atas bisa langsung melihat pantainya, pasir pantainya â€¦",5 bintang,11 bulan lalu
pantai bagus .. enak mungkin karna bukan hari libur atau memang gak terlalu ramai pantainya .. â€¦,5 bintang,8 bulan lalu
Wisata pantai dibali yg selalu dikunjungi..,5 bintang,4 bulan lalu
tempatnya bagus airnya jernih sekali kebersihannya terjaga nex time saya bakal kesini lagi sampe ga bsa moveon dari pantai pandawağŸ«¶ â€¦,5 bintang,6 bulan lalu
Destinasi yg harus dikunjungi kalau ke bali,5 bintang,seminggu lalu
"Pas kesini lagi ada event. Tiket 20.000 free gift gantungan kunci... Dan ada pertunjukan tari barong gratis wkwk
Mantap dah ruame, banyak wisatawan yang kesini",5 bintang,setahun lalu
"Pantai yang sangat Indah, pemandangan sekitar luar biasa indah. Tiket masuk terjangkau seharga Rp 8.500, untuk dewasa gratis Untuk Anak. Pantai bersih dan yang pasti pemandangan tebing2 indah sekali",5 bintang,8 bulan lalu
"Pantainya kotor dan kurang terawat, tapi tebingnya bagus. Tapi rasanya kurang menggambarkan kayak lagi di Bali, mirip pantai di daerah lain aja",4 bintang,6 bulan lalu
"Cantik pantainya, bisa naik kano.
Cuma sayang pas kesini hujan terus jadi ga bisa menikmati dan eksplore.",4 bintang,6 bulan lalu
"Pantai dan pemandangan nya enak banget buat dinikmati apalagi kalo sore atau pagi sekalian, saran saya ada plang penunjuk arah",5 bintang,sebulan lalu
"Pasirnya cuakep... Eksotis banget berkah tuhan... Tapi penataannya masih kurang pas kurang nampol gitu patung2 pandawa yg kurang menarik mending jangan wajah tapi apa yg perlu ditiru dari masing2 karakter mungkin bisa membantu... Memang Raya... Cliff, Pasir, Ombak mempesona bikin saya gak bisa lupa...",4 bintang,7 bulan lalu
"Banyak tempat jualan dan toilet disini. Ombaknya tidak besar dan sangat cocok untuk bermain air seperti cano, serta untuk bermain anak2 sangat pas. Sewa payung disini juga cukup murah dibanding pantai sebelah.",5 bintang,sebulan lalu
"Pantai Pandawa adalah salah satu kawasan wisata di area Kuta selatan, Kabupaten Badung, Bali. Pantai ini terletak di balik perbukitan dan sering disebut sebagai Pantai Rahasia. Di sekitar pantai ini terdapat dua tebing yang sangat besar yang pada salah satu sisinya dipahat lima patung Pandawa dan Kunti.",5 bintang,8 bulan lalu
Terjadi pungutan liar dengan harga yang tidak masuk akal pada tempat duduk dan kurangnya informasi penjualan/penyewaan  sehingga merugikan kami.bagi seluruh orang yang akan datang kesini saya sarankan tanya harga disana dan Hti hati akan pungutan liar dan dalam mempergunakan fasilitas disana,1 bintang,2 bulan lalu
Liburan keluarga yg menyenangkan . Pandawa beach salah satu destinasi yg wajib dikunjungi saat di bali . .. love bali - IND ğŸ¥° â€¦,5 bintang,6 hari lalu
"Pemandangan nya luar biasa. Apalagi di lihat dari atas, Jalan nya mulus dan bagus. Pantai nya lumayan bagus, seperti pantai pada umum nya. Cuma menurutku di sana agak panas.",5 bintang,11 bulan lalu
Tetap menawan sampai kapanpun,5 bintang,sebulan lalu
"Pantai pasir putih yang pasirnya lembut banget. Menyenangkan banget jalan-jalan lepas alas kaki di sini. Di pantainya ada bagian berkarang tapi nggak tajam-tajam permukaannya, jadi bisa jalan di atas karang yang halus gitu. Bisa berenang â€¦",5 bintang,3 bulan lalu
"Pantainya bagus, ga terlalu ramai, banyak wisatawan lokal yang kesini sepertinya",5 bintang,7 bulan lalu
Sungguh indah alam dan budaya Bali ğŸ«°ğŸ¿ â€¦,5 bintang,2 bulan lalu
"Pantainya ada di dekat tebing, di tebingnya juga terdapat patung-patung besar, pemandangan indah apalagi saat turunan menuju pantainya, dan ada beberapa beach club di sini.",5 bintang,3 minggu lalu
"Harga masuk terjangkau, saran ksna pas air surut biar bisa main kano sAmpe tengah lihat sunset lebih bgs",5 bintang,2 minggu lalu
"Indah banget. Ada tempat sight seeing yang cocok banget pas sunset. Pasirnya lembut dan bersih. Akses jalannya juga mudah dan teratur. Untuk harga tiket kurang lebih 20rb/orang. Space parkir, banyak banget.",5 bintang,7 bulan lalu
"Pantai nya bersih, area pinggir pantai nya ckup luas, cm wkt itu aku ksn pas cuaca tdk bgt bershbt, krn smpt hujan angin...hixs, ckup mencekam wkt itu cm alhamdulilah cm brlngsung sbntr saja dan semua nya amanâ˜ºï¸harus selalu berhati-hati y gaes, klo lg k pantai atau kmn pun pergi nya, selalu berdoa ğŸ¤— â€¦",5 bintang,setahun lalu
Akses wisata yang tidak pernah ada sepi nya untuk dikunjungi di Bali. Untuk penataan nya sudah sangat sistematis. kenyamanan dan kelengkapan fasilitas sudah sangat lengkap dan ramai layaknya wisata umumnya. Untuk view nya sangat bagus dan â€¦,5 bintang,setahun lalu
"Pemandangan di pesisir pantai yang indah dengan tebing yang mempesona.
Ditambah pasir putih dan deburan ombak yang membuat betah diam berlama-lama.
Ada beberapa toilet cukup membayar 3000 rupiah. â€¦",4 bintang,8 bulan lalu
Sudah semakin baik penataan tempat dan fasilitasnya. Namun untuk shuttle penumpang dari bawah ke atas supaya disediakan karena ada beberapa pengunjung yg masuk naik taksi. Pulangnya bingung krn pesan Transport Online ga ada yg mau jemput (karena memang infonyan transol dilarang ambil penumpang di dalam).,5 bintang,7 bulan lalu
"Pantai disini pasirnya krem, banyak turis para sailing/paralayang, banyak spot foto menarik, beberapa spot agak kumuh krn cafe/warung, tidak terlalu ditata dengan rapi",4 bintang,setahun lalu
"Panorama pantai selatan bali yg indah
Suasananya lumayan tenang (diluar musim liburan)
Cocok untuk rekreasi keluarga â€¦",5 bintang,setahun lalu
"Tempatnya tenang banget sih, bersih air lautnyaa",5 bintang,9 bulan lalu
"Pantai yang sangat sangat recommended untuk dikunjungi saat di Bali..
View pantai yang juara, pasir putih dan air laut yang bersih..
Minusnya hanya banyak pedagang disekitar pantai tsb dgn harga makanan yang agak mahal..",5 bintang,5 bulan lalu
"bersih dan gak seberapa rame, untuk sewa kursi 50rb an",4 bintang,6 bulan lalu
"Pantai indah, jadi rekomendasi tempat liburan yang menarik. Jangan lupa masukkan dalam agenda liburannya ya.",5 bintang,setahun lalu
"Tinggal di pesisir barat, terbiasa dengan pantai.
Tapi tetep saja takjub dengan pantai"" di bali ğŸ¥°ğŸ˜ â€¦",5 bintang,6 bulan lalu
"Lokasinya keren, maemacu adrenalin,
Cuma sayang pas ke sana tiba di tempat, hujan gerimis",5 bintang,7 bulan lalu
"Rameee seperti biasanyaaa.
Jalan menuju pantai keren dikelilingi tebing yang dibelah.
Tiket masuk 8k/orang dan parkir motor 2k. â€¦",5 bintang,setahun lalu
"Pantai iconik di bali. Setiap orang yg ke Bali pasti wajib ke pantai ini. Pantai cukup indah, pemandangan perbukitannya dapat, pantai nya pun indah. Htmnya murah ya, masuk dengan mobil cukup 34 rb bertiga. Ada kano juga yg mau bermain air. Cukup rekomendasi buat sobat traveller.",5 bintang,setahun lalu
"Tiket masuk Rp 8 ribu / orang. Jalan dari pintu masuk menuju ke pantai nya bagus, banyak tebing dan patung2 dewa. Air pantainya masih biru tetapi pondok2 kurang terawat serta dipungut biaya Rp 30-50 ribu. Kebersihan perlu ditingkatkan.",4 bintang,4 tahun lalu
"Nice beach. Tempatnya keren abiss karena dibalik tebing gitu, ada juga patung besar sebelum masuk pantai ini. Terus pasirnya juga putih bersih dan ramai warung bisa makan apa aja dan menikmati sore hari. Bisa melihat sunset juga sih ya",5 bintang,setahun lalu
pantai pendawa sangat inda dan tempatnya sangat sejuk sekali ..aso le le ...ğŸ˜ğŸ˜ğŸ˜ğŸ‘ğŸ‘ â€¦,5 bintang,seminggu lalu
"pantainya baguuss, tapi agak kurang terawat. waktu itu cukup crowded pas dateng. ada banyak yang jual es kelapa and itâ€™s so refreshing enjoy the beach sambil minum es kelapa. you better prepare cash.",4 bintang,setahun lalu
"Tempat wisata yang menjadi rekomendasi untuk wisatawan domestik, bagus untuk berendam dan menikmati segarnya air laut yang jernih dengan hamparan pasir putihnya.",4 bintang,setahun lalu
"Seperti pantai-pantai di Bali pada umumnya, pantai Pandawa juga masih relwtif bagus, jernih airnya dengan pemandangan samudra hindia yang sangat biru nun jauh di sana. â€¦",5 bintang,setahun lalu
"Pantainya bersih, pemandangannya dari atas bagusss banget",5 bintang,setahun lalu
"Pantainya bersih, waktu kesana juga wisatawannya juga lenggang",5 bintang,4 bulan lalu
"Pandawa Beach mungkin masih terdengar asing dan tidak begitu terkenal untuk hari ini. Namun pantai ini memiliki sejuta pesona yang belum terpapar dan masih diperas oleh tebing batu kapur. Terletak di desa kutuh, Kecamatan Kuta Selatan, â€¦",5 bintang,setahun lalu
tempat wisata yg kereeen dah pokoknya...!,5 bintang,2 bulan lalu
"Pantai pada umumnya, untuk wisata",5 bintang,3 bulan lalu
Bagus sih cuma lapak pedagang di pinggir pantai yang menurut saya mengganggu pemandangan sehingga kita tidak bisa menikmati pantai dengan leluasa.,4 bintang,setahun lalu
"SALAM KERUKUNAN.

tempat wisata pantai pandawa adalah tempat wisata yang sangat indah dengan pasir â€¦",5 bintang,4 tahun lalu
"Tempat tenang, pemadangannya sangat indah
Bagi mereka yg senang berenang juga sagat bagus karena pantainya landai dan ombaknya tidak terlalu keras jadi aman untuk anak2",5 bintang,setahun lalu
"View ketika bus menuju ke Pantai itu bikin takjub. Mungkin karna di daerah Saya gak ada pantai jadi sangat takjub ketika melihat itu. Banyak spot foto menarik, seperti patung Pandawa di sekitar tebing. Ada penyewaan sepeda dan mainan anak-anak.",5 bintang,setahun lalu
"Bagus juga, masuk kendaraan turun bukit yng dibelah.
Baiknya pagi kesini, kalau siang panas pol..
Spot foto bisa pantai atau bukit dengan latar belakang tulisan pantai pandawa. â€¦",4 bintang,setahun lalu
"Pantainya cukup bersih, pasir putih, tempat parkir luas...
Akses jalan menuju lokasi aman, nyaman.
Hanya kurang spot foto,,,",5 bintang,2 tahun lalu
"Pantai Pandawa, salah satu pantai pasir putih terkenal di Bali yang wajib dikunjungi. Pantai Pandawa terletak di Desa Kutuh, Kabupaten Badung dan lebih terkenal dikalangan wisatawan mancanegara khususnya Australia dengan nama secret beach. â€¦",4 bintang,5 tahun lalu
"Pantai yang sangat terkenal dan mainstream di Bali, kalau berkunjung ke Bali ga afdol rasanya kalau tidak berkunjung kesini, tiket masuk cukup affordable dengan biaya per orang 8 ribu + parkir kendaraan. Selain dengan keindahan pantainya â€¦",5 bintang,11 bulan lalu
"Pantainya bersih bagus, airnya tenang jadi cocok buat main kano",5 bintang,7 bulan lalu
"Pantai baru yang sudah lama berubah drastissss sekarang lebih banyak wisatanya disini dan tempat"" baru ... bagus bangett masih bersih wisatanya ... wajib masuk dalam salah satu wisata yang bisa dikunjungin di bali.",5 bintang,9 bulan lalu
"Sangat indah sekali pantai ini,,, datang liburan kesini di waktu pandemi semua jadi serba murah dan sepi.
Sewa kano cuma 50rb, kursi panjang juga sama 50rb sepuasnya. â€¦",5 bintang,2 tahun lalu
"Lokasi wajib di Kunjungi, tempatnya bersih, banyak spot-spot yang instagramable",5 bintang,7 bulan lalu
"Sayang waktu kesana hujan, pantai pasir putih yang indah biaya tiket 8000/orang domestik parkir kl tidak salah 2000 buat mobil",5 bintang,2 tahun lalu
Pantai dengan pemandangan patung di bukit kapur dan pasir putih yang indah. Terkenal di mancanegara dan di pulau dewata. Disini bisa menyewa kano dan selfie. Beli es kelapa muda 25.000 sudah bisa duduk di kursi pantai sambil menikmati suasana pantai yang indah.,4 bintang,2 tahun lalu
"cukup keren, kalau pantainya sih biasa saja seperti pantai pasir putih kebanyakan, yang membuat keren adalah pertunjukan tari kecaknya saat sunset tiba, tempat parkir luas, toilet dan warung makan tersedia",5 bintang,5 tahun lalu
Pantainya bagus..anak2 bisa puas bermain dan aman..bisa bermain kano atau bermain ombak..karena sy datangnya sore mungkin ya jd sewa kursi murah 50rb..beli es kelapa 20rb..sewa kano 50rb sepuasnya..,5 bintang,9 bulan lalu
"Viewnya bagus, mungkin pantainya harus dirawat kebersihannya dan ditingkatkan wahana permainan airnya.",4 bintang,6 bulan lalu
"Pantai ini baik view dari atas bukit (parkir kendaraan yg ada tulisan pantai pandawanya) sangat bagus, jalan turun yang membelah perbukitan, dengan dihiasi patungÂ² pandawa 5, dengan beberapa sudut dihiasi dengan gajebo/pondokan sehingga â€¦",5 bintang,4 tahun lalu
"Pantai yang indah mgkn sebelum banyak orang yang tahu , skrg sdh banyak pengunjung dari kalangan pelajar, turis lokal dan internasional. Walaupun kanan kiri masih tebing tp itulah yg menjadi daya tarik untuk ke pandawa ini. View nya indah sekali kalau dilihat dari atas",5 bintang,5 tahun lalu
"Pantai pasir putih rekomended, spot spot foto sngat bnyak untuk para instagramble, bisa Sewa cano hnya 50k bisa 2org,sewa sepeda elktrik jg ada tersedia, parkir luas,toilet bnyak, area bersih nan asri. Ibu penjual dikantin ramah ramah dan â€¦",5 bintang,setahun lalu
"cakep banget pantainya bersih yg dagang juga ramah ramah, kerenla pokonyaağŸ¤©ğŸ‘ â€¦",5 bintang,11 bulan lalu
"Pantai yang sering dikunjungi saat ke Bali, tempatnya indah luas dan masih asri meskipun banyak pengunjung, padahal di hari kerja tapi tetap ramai, ada penyewaan boat, tukang foto dadakan dll, parkir luas dan sepanjang jalan menuju pantai Pandawa disuguhi pemandangan yang luar biasa",5 bintang,setahun lalu
Pantai yang dengan ombak sedang yang cukup aman untuk berenang atau sekedar bermain air bersama keluarga. Lebih baik berkunjung menjelang petang untuk dapat menikmati sunset.,5 bintang,setahun lalu
"Sebuah pantai yang banyak dikunjungi oleh wisatawan lokal ketimbang mancanegara. Airnya cukup biru dan pasirnya putih. Ombaknya tidak sampai ke bibir pantai karena dipecah oleh karang yang ada beberapa puluh meter kearah tengah laut, jadi â€¦",4 bintang,4 tahun lalu
"Pantai yg nyaman berpasir putih, bwt wisata anak sampe dewasa juga cocok",5 bintang,setahun lalu
"Akses jalan menuju pantai pandawa cukup mudah. Lahan parkir luas. Tiket masuknya 8.000 dan parkir motor 2.000. Pantainya bersih. Pasir pantai berwarna putih. Bisa berwisata keliling pantai menggunakan perahu. Harga perahu 50.000, tidak ada batasan waktu. Satu perahu bisa untuk 2 - 3 orang.",4 bintang,2 tahun lalu
Pantai pandawa masih sepi dari turis. Ombaknya bagus. Pantainya bersih airnya bening banget. Kemarin pas kesana ada semacam pameran bonsai-bonsai di yang mau ke arah parkiran. Semoga kedepannya pengunjung tetap menjaga kebersihanğŸ¤— â€¦,5 bintang,2 tahun lalu
"Seperti pantai lainnya di Bali, dgn pasir putihnya yg terhampar, ditambah arsitektur tebing batu sekitar akses menuju pantai yg tertata, kerenlah pokoknya",5 bintang,setahun lalu
"Siapa yang nggak tau pandawa beach Bali...
pantai yang sudah jadi destinasi wajib setiap kita berkunjung ke Bali, pantainya bersih, pasirnya putih & air laut nya sangat biru memanjakan setiap mata yang melihatnyaa ğŸ˜ â€¦",5 bintang,7 bulan lalu
Rombongan? Tepat Jika Memilih Destinasi wisata kesini. Selamat Liburan!,5 bintang,4 bulan lalu
"Salah satu destinasi pantai di nali yg harus dikunjungi. Pemandangan bagus, parkir luas.",4 bintang,8 bulan lalu
"Bersih pantainya, nyaman, sejuk, area parkir luas, banyak spot foto yang bagus untuk wisatawan. Terdapat wisata paralayang dan penyewaan kano, namun fasilitas ibadah (mushola) masih kurang bersihğŸ™. â€¦",5 bintang,3 bulan lalu
"Keren dan megah, saat ke sini masih sepi pengunjung. Cuaca cerah cenderung panas disiang hari. Bisa sewa kursi yang ada payung2 nya seharga 50.000.  dan banyak penjual makanan dan minuman disini. Semoga banyak orang liburan ke Bali. Supaya Bali ramai lagi seperti dulu",5 bintang,2 tahun lalu
"Bali luar biasa

Pantai pandawa â€¦",5 bintang,setahun lalu
"Pemandangannya indah, kalau mau sewa kano juga ada dan harganya tidak mahal hanya 50k. Sangat indah untuk pemandangannya",4 bintang,setahun lalu
"pantai ber pasir putih yang berada tepat setelah tebing yang terletak di bali.
untuk pengalaman saya sendiri pantai ini sangat bersih dan ada banyak penjual yang ada di pinggir pantai, banyak juga spot foto ditempat ini, cocok juga untuk â€¦",5 bintang,setahun lalu
"Air yang jernih, mantap pantainya,bersih pasirnya.
Keren banget dah.
Alhamdulillah bisa sampai di sana",5 bintang,setahun lalu
Pantai terindah di bali dan bagus untuk rekreasi dan jalan-jalan ğŸš â€¦,5 bintang,6 bulan lalu
"Pantai pandawa merupakan pantai yang bagus pemandangannya. Tidak hanya itu, pantai yang terletak di bali ini banyak dikunjungi dari berbagai negara. Tidak hanya dalam negeri saja, banyak sekali negara lain yang berkunjung di pantai pandawa ini karena memiliki eksotis yang bagus dan khas.",5 bintang,4 bulan lalu
Pantai yang ramah anak dengan ombak yang kecil. Sebelum menuju pantai sempatkan foto di tebing-tebing sekitar jalan menuju pantai dengan background pantai yang luas ataupun tulisan Pantai Pandawa. Ada tempat parkir mobil gratis. Tiket masuk sangat murah.,5 bintang,setahun lalu
Sdh tdk terhitung lg berapa kali kesini tp ttp saja pgn kesini lagi. Akhir tahun kesini lagi bawa rombongan wisata wkt paling mantab pagi atau sore menjelang mlm. Klo siang panas bgt ğŸ˜‚ğŸ¤­ â€¦,5 bintang,3 bulan lalu
"Sangat  memuaskan ,lagi rame pas banget lg ada event VWD  tapi masih penasaran pingin balik lagi ke sini, iya gak Beste2ku dari Lampung ...",5 bintang,setahun lalu
"Pantai yg mempesona dg baground alam padas, tebing dipoles dg tangan seni yg artistik sangat elok untuk dipandang, kekayaan alam yg sdh TUHAN berikan adalah sebuah kenikmatan",5 bintang,setahun lalu
"Pandawa beach, pantai yg wajib kita kunjungin jika berlibur ke bali, pantai yg menawan dengan pasir putih yg bersir serta ombak yg tenang,bebas dri polusi udara. Di sana juga kita dapat melihat 5 patung kesatria pandawa, bermain perahu â€¦",5 bintang,5 tahun lalu
"Ombaknya tenang, cocok untuk yg mau berenang sambil panas2an... ğŸ˜…
Area masuk pantai juga Instagramable buat nambah koleksi foto â€¦",4 bintang,3 bulan lalu
Jadi satu dengan tanah barak.. harga main kano murah.. kebanyakan yang datang orang lokal,5 bintang,6 bulan lalu
"Asri. parkir mobil motor sangat luas. Banyak dagang aneka jenis. Pantainya indah, tiket masuk tidak terlalu mahal kisaran 10k. Ada tempat penyewaan kano, pedagang ramah2",5 bintang,2 tahun lalu
"Pantai dengan tebing tebing yang indah, masuknya juga murah cuma 5 rb per orang dan parkir 5 rb..pengelolaan super banget fasilitas toilet, rest area, parkir, dan pusat dagang sudah terkelola dengan baik...kalo mau liat pasir putih laut biru jos aja kesini",5 bintang,4 tahun lalu
Pantainya bagus gak terlalu ramai,5 bintang,6 bulan lalu
"Sebagai tempat wisata, menambah pengalaman berlibur yg menyenangkan. Pemandangan alamnya sangat memanjakan mata...",5 bintang,sebulan lalu
"Pantai yang indah, dan nyaman. Tiket masuk 20rb/org. Terdapat ATM BNI dan mandiri. Banyak penjual makanan dan baju baju pantai khas bali. saya pilih tempat makan yg di menunya juga tertera harga jd bisa mengira2 habis nya berapa. ğŸ˜ğŸ˜† sewa tempat duduk yg pake payung 50rb. Ada juga yg menyewakan kano. â€¦",5 bintang,2 tahun lalu
Pantai dengan pasir putih dan sangat bersih. Buat surfing juga asyik.. banyak cafe cafe di bibir pantai sekedar duduk menikmati suasana menjelang sunset. â€¦,5 bintang,10 bulan lalu
"Pantai pandawa, lumayan jauh ya ke sininya. Tapi pantainya bagus. Sewa kursi payung harganya 50/orang kalo ga salah. Tapi kalau mau jalan lagi ke dalem, ntar nemu kayak foodcourt gitu. Duduk ya gratis, cuma perlu pesen makan aja. â€¦",4 bintang,4 tahun lalu
"Pantai Pandawa salah satu pantai yang eksotis di Pulau Bali. Hamparan pasir, laut luas membentang, angin yang semilir ditemani minum air kelapa segar. Sungguh luar biasa !! Untuk kesekian kalinya ke tempat ini bersama anak2 untuk sekedar bermain dan menikmati pantai berpasir dan pemandangan yang indah. Sangat direkomendasikan :)",5 bintang,3 tahun lalu
Salah satu pantai yg recommended bangets dengan pasir putih yg halus dan pemandangan disekitarnya yg sejuk,5 bintang,sebulan lalu
"Pantai berpasir putih yang cantik dengan panorama alam yang indah. Untuk masuk ke pantai ini cukup membayar 9k. Fasilitas cukup lengkap, tersedia tempat cuci tangan, tempat bilas, dan toilet. Gak perlu takut kelaparan, karena di sepanjang pantai banyak cafe.",5 bintang,2 tahun lalu
"Salah satu destinasi wisata dibali yang sangat indah dengan hamparan pasir putih, bersih pantainya, bening airnya",5 bintang,setahun lalu
"Wow....fresh and instagramable banget...

Fasum nya cepat di lengkapi yaa...semisal toilet, shower air bersih, tempat â€¦",5 bintang,8 bulan lalu
"Ga ada bosannya ke Pantai Pandawa. Sekedar gowes sembari nikmati keindahan pantai dan landscapenya.
Parkiran luas, toilet serta komplit fasilitas lainnya.",5 bintang,setahun lalu
"Pantainya keren parah sihhh, bagus banget buat foto. Ombaknya juga gede banget. Anginnya sepoi-sepoi. Tapi emang panas banget sihh, jadi kalau kesini kudu pake sunblok yang banyak. Pemandangan dari atas gunung kapurnya yahudd banget dahh.",5 bintang,5 tahun lalu
"Suasana alam laut & pantai pula bali. Parkir luas, wahana yg menarik jika ingin bermain di pantai dengan main kano atau langsung njebur mandi. Mudah dijangkau tiket yg murah. Ayokk datang ke bali jgn lupa mampir ke Pantai Pandawa",5 bintang,4 tahun lalu
"Pantainya bagus, banyak spot untuk berfoto sayang sekali untuk di lewatkan, Tiket masuk terjangkau, harga makanan dan minuman di lokasi juga masih standar, jadi worth it lah untuk kantong yang lagi PPKM â€¦",5 bintang,2 tahun lalu
Pantai dengan hamparan pasir putih dan tebing yang indah di Bali. Destinasi wajib kalau berkunjung ke Bali. Open Job n Endorse follow my instagram & tiktok : dianakyora18,5 bintang,10 bulan lalu
"Tempatnya bagus dan bersih, untuk biaya masuknya juga relatif murah , bisa untuk menerbangkan drone untuk dapetin view dari atas.",5 bintang,9 bulan lalu
"Beautiful place yng wajib dikunjungi saat anda berwisata ke Bali dengan keindahan pantai dan tebingnya, juga terdapat banyak spot foto menarik dengan tebing tulisan Pantai Pandawa, olah raga air seperti perahu kano, paralayang dll",5 bintang,setahun lalu
"Pantai Pandawa

Sewaktu saya kesana pada tanggal 04 Februari 2022, Saya sampai sore hari sekitar â€¦",5 bintang,2 tahun lalu
"Pantai Pandawa

Pantai Selatan Bali yang sedang Hits... Pantai yang bertemakan Tradisional Pulau â€¦",5 bintang,2 tahun lalu
"Pantainya bagus dan lautnya bersih, cm sayang, khas indonesia, banyak sampah terutama puntung rokok yg dibuang sembarangan sehingga pasir putihnya jadi keliatan kotor",5 bintang,6 tahun lalu
"Pantai Pandawa ikon menarik dibali, nggak lengkap rasanya kalo belum kesini. untuk sekarang Bali masih sepi, tapi jadi kaya pantai pribadi. pantainya indah banget, buat foto"" dijamin nggak mati gaya karna emang untuk spot fotonya banyak banget.",5 bintang,2 tahun lalu
pantai yg bagus banget... sangat aman menurut saya.. karna disna karangnya banyak.. dan ada karang yg keluar dari laut menjadi benteng jika kalian gak bisa renang.. penyewaan kano dan pelampung rp 50.000 per dua orang per 3 jamğŸ‘.. yg â€¦,5 bintang,4 tahun lalu
"jangan tanya pemandangannya seperti apa, sudah pasti layak dikunjungi, akan selalu terkenang setelah meninggalkan tmpat ini.",5 bintang,2 tahun lalu
"Sensasi tebing-tebingnya keren enak diliat, pemandangan dipantainya juga bagus.
Jalur masuk area ke pantai ada 2 pilihan, sebaiknya masuk dan keluar beda jalur.",5 bintang,setahun lalu
"Pantai paling beragam banyak aktifitas di sini yang bisa dimainkan kaya kayaking, surfing dll dan sepi. Atau cuma mau leyeh2 di pantai juga enak banget karena kaya pantai pribadi. Paling enak nyebur juga karena tenang dan aman jernih juga. Paling recomended kalo ke Bali",5 bintang,2 tahun lalu
"Pertama kali kesini, harga tiket cukup murah hanya 8 ribu per orang, parkir mobil cukup bayar 5 ribu.
Dari atas pemandangan yang mengagumkan, parkir yang luas buat mobil dan bus. â€¦",5 bintang,setahun lalu
"pemandangannya bagus disertai dgn bibir pantai yg panjang sehingga bisa dipakai untuk bermain, cuma harus hati2 dgn ombak..
parkiran jg luas dan sarana penunjang lainnyac cukup lengkap..",5 bintang,setahun lalu
Bagus sih view nya apalagi pas sunset.. tp kurang bersih pantai nya,4 bintang,sebulan lalu
"Tidak dapat sunset disini.
Bisa bermain Kano bauar Rp. 50rb
Pada saat kesini ramai bgt rombongan anak2 sekolah... â€¦",5 bintang,setahun lalu
"Pantai Pandawa Kutuh Bali â€“ Peta Lokasi & Harga Tiket Masuk 2018

4.7 (93.33%) 39 votes â€¦",5 bintang,5 tahun lalu
"Pantainya bagus. Viewnya juga. Apalagi dr atas bukit.... Tapi sebaiknya jangan siang, saya keliru kemari pas siang. Panasssss. Sebaiknya sore aja.... ğŸ˜ â€¦",5 bintang,4 tahun lalu
Better pagi-pagi kesini bisa sarapan atau foto-foto sepuasnya karena area masih sepi pengunjung,5 bintang,8 bulan lalu
Terlalu ramai dengan pedagang...mirip pantai disanur jadinya,4 bintang,setahun lalu
"Pantai pasir putih yang bersih dan indah.
Tiket masuk 9k, parkir motor 2k.
Sepanjang jalan menuju pantainya sangat memukau.",5 bintang,7 bulan lalu
"Pantai berpasir putih, panas sekali di siang hari. Wajib membawa peneduh dan bekal air minum. Terdapat banyak warung makan minum yang juga menyewakan tenda. Biasanya ramai pengunjung, jika ingin agak sepi bisa berjalan sampai ujung barat melewati deretan warung.",5 bintang,2 tahun lalu
"Pantai Pandawa salah satu pantai yang wajib dikunjungi kalo ke Bali. Akses kesananya mudah karna jalannya udah enak banget kalo mau kesana, harga tiket masuknya murah, cocok buat berenang karna ombaknya ngga terlalu besar. Kalo mau sewa â€¦",5 bintang,5 tahun lalu
"Waktu pertama pergi Pantai ini masih sunyi, maklum beberapa sarana prasana sementara di bangun, yang kedua kalinya sudah lebih rame.",5 bintang,setahun lalu
"Pantainya indah banget, bersih dan luas... harga tiket masuknya cuma 8 ribu per orang dan parkir 2 ribu. Pas ke sini pagi pagi jadi bener bener sepiiii enak banget buat foto foto.. tapi di sisi ini gak bisa berenang kayanya soalnya ombaknya â€¦",5 bintang,setahun lalu
"Yang suka main ke pantai sini tempatnya..tebing bagus,pantai pasir putih,spot foto banyak bisa mandi sewa kano juga..",5 bintang,2 tahun lalu
"Indah nya pantai ini,bersih dan juga ditambah tebing tinggi yg membuat pantai ini menjadi terlihat unik,bisa seru seruan dengan main perahu.intinya jangan lupa mampir kesini ya jika kebali",5 bintang,5 tahun lalu
"tiket masuk per orang 20ribu
tebingnya cantik bisa buat foto foto, ada jasa foto juga , per foto 5ribu",5 bintang,setahun lalu
"Bagus, dan mulai ramai pasca pandemi. Pengunjung hanya terkonsentrasi di satu titik. Padahal sebelah kiri berjalan 100 meter sangat sepi dan indah.",5 bintang,setahun lalu
"Pantainya bersih, hanya saja dikarenakan pandemi, sepi sekali. tapi lumayan baguslah. biaya masuk Rp. 9.000,- udah termasuk parkir.",4 bintang,2 tahun lalu
"Salah satu destinasi wisata di Bali yang gaboleh kelewat nih, Pantai Pandawa. Pantainya bersih dengan pemandangan yang memanjakan mata, di pantai ini juga terdapat warung warung di pinggir pantai buat yang mau makan & minum sambilm menikmati pemandangan pantainya. Untuk harga tiketnya masuknya 8rb/orang.",5 bintang,setahun lalu
"Bagus banget puas jlan"" ke sini rasanya gak mau pulang",5 bintang,seminggu lalu
"Kesini pas udah sore jam 5an dan ada tari kecak. Pantainya agak lebih kotor, mgkn karena banyak kios jualan di pinggiran pantainya.",5 bintang,2 tahun lalu
"Pantainya berpasir putih, dan selama perjalanan masuk menuju pantai kita melewati tebing kapur dan ada tebing bertuliskan pantai pandawa (spot yg banyak dicari pengunjung. Cuma di pantai ini tidak bisa melihat view sunset",4 bintang,5 tahun lalu
Dengan harga tiket hanya 8rb kita bisa menikmati pantai Pandawa,5 bintang,7 bulan lalu
Pantai yang indah. Tiket masuk 15 k per orang. Yang dihitung hanya dewasa. Tiket masuk tersebut bisa ditukar minuman di kedai yang ada di sekitar pantai.,4 bintang,2 tahun lalu
"Rekomendasi pantai yang harus dikunjungi, pantai pasir putih yang sangat indah, ombaknya juga mantap kali, plisss ngga bakalan nyesel kalau kalian ke sini",5 bintang,11 bulan lalu
"Tebing2 nya sangar iconic, banyak patung2 buat berfoto, tapi pantai nya kurang bagus (menurut saya). Jadi terakhir kesini lebih suka melihat tebing2 nya drpd pantai nya. Tiket masuk terbilang agak mahal sih",4 bintang,2 tahun lalu
"Pemandangan yg bagus hanya di jalan menuju pantai , klu pantai nya standard lah",5 bintang,sebulan lalu
"Pantainya cantik, pasirnya bersih salah satu pantai di Bali yg wajib dikunjungi â˜‘ï¸",4 bintang,setahun lalu
"Camping ground VWD 2022 di Bali ya pantai Pandawa.

âœ“ Tahun 2014 ke Bali, perasaan dulu tidak seperti ini pantai nya bersih dan â€¦",4 bintang,setahun lalu
"untuk saran klw kesini siang sih biar dpt foto yg bagus di , untuk tarifnya 10rb/orng dan parkir motor 2rb",5 bintang,9 bulan lalu
Biaya masuk 15.000 per orang. Tiket bisa ditukarkan dengan minuman di pantai dengan minuman seharga 5.000,5 bintang,2 tahun lalu
"Baguss bangettt...
Pas kesana pas rada sepi gitu,
Orang bali tuh ramahÂ² banget yaa.. â€¦",5 bintang,2 tahun lalu
salah satu pantai yang banyak menarik kunjungan wisatawan karena keindahannya dan enak digunakan untuk berenang dan berselancar. saat ini infrastruktur semakin dikembangkan sehingga makin menambah daya tarik wisatawan yang berkunjung ke pantai ini.,5 bintang,5 tahun lalu
Pantai ini sangat bersih dan jika kita berkunjung ke sini kita akan melihat banyak sekali orang bermain paralayang di atas kita. Pantai ini merupakan pantai berpasir putih dan saya sarankan untuk memakai kaca hitam saat berkunjung ke sini â€¦,4 bintang,5 tahun lalu
"Masuk ke pantai diberikan voucher dengan harga 15.000, nanti voucer tersebut dapat ditukar di tempat penjualan makanan di pantai. Pantai dengan ombak yang kuat, pasir putih, dan menyenangkan selama disini",5 bintang,2 tahun lalu
"Sangat menarik dengan pemandangan bebatuan yang sangat memanjakan mata, fasilitas disana juga sudah lengkap dan bisa digunakan, hanya saja disana masih kekurangan tempat untuk berteduh,untuk aksesnya sendiri sudah sangat baik karena bus pun sudah bisa masuk kesana",4 bintang,5 tahun lalu
"Salah satu pantai yang sudah ramai di bali, namun masih dalam tahap pembangunan fasilitas, terdapat beberapa hotel dan resort di sekitar pantai. Terdapat banyak restoran dan warung yang dikelola oleh penduduk lokal. Belum ada restoran â€¦",4 bintang,5 tahun lalu
"Destinasi wisata yang sayang untuk dilewatkan ketika berkunjung ke Bali. Menyajikan Panorama laut lepas yang memanjakan mata dan pemandangan yang indah selama perjalanan. Namun cuaca cukup terik saat siang hari. Tersedia tempat parkir luas, mushola dan juga toilet.",5 bintang,3 tahun lalu
Pantai Pandawa adalah satu destinasi wisata yg cukup digemari oleh wisatawan domestik maupun mancanegara. Menyuguhkan pemandaman eksotis berupa perpaduan pantai berpasir dengan tebing bebatuan. Akses yang cukup mudah memang menjadikan â€¦,5 bintang,5 tahun lalu
"Akses ke lokasi cukup mudah. Papan penunjuk jalan tersedia di berbagai tempat. Topografi juga tidak terlalu susah. Pemandangan pantai batugamping khas formasi Bali Selatan absolutely stunning and amazing. Air laut biru hingga biru tosca, â€¦",5 bintang,5 tahun lalu
Sekarang udah rame banget. Dan jadi bagus banyal bule bule,5 bintang,8 bulan lalu
"Pantai ini terletak di balik perbukitan, Wisata pantai memang menjadi favorit para pelancong yang berlibur ke Bali. Ada begitu banyak pantai dengan pemandangan alam dan aktivitas wisata yang menyenangkan di Bali. Salah satunya adalah Pantai â€¦",5 bintang,2 tahun lalu
Luar biasa .. jajanan nya murah murah .. pedagang nya ramah ramah.. pemandangan nya indah.. laut nya bersih,5 bintang,2 tahun lalu
"Beautiful beach... sukaaaaa bgt.... ada perahu kano dayung yg disewakan bisa muat 3 orang, ada paralayang, ada surfing jg. Ombaknya indah. Pemandangan gunung kapurnya jg indah.",5 bintang,4 tahun lalu
"Baru kali ini pantai saya beri 4bintang.
Lokasinya penuh tantangan untuk di lalui.
Beberapa view terlihat jelas dari posisi atas. â€¦",4 bintang,2 tahun lalu
"Pantai Pandawa merupakan salah satu kawasan wisata yang terletak di daerah Kuta selatan, Kabupaten Badung, Bali. Pantai ini terletak di balik perbukitan (harus melalui dua buah terbing) dan sering disebut sebagai Pantai Rahasia (Secret â€¦",5 bintang,4 tahun lalu
"Asyiknya di pagi atau sore hari
Siang panas banget
Sport foto bagus
Yg berlatar belakang jln raya",4 bintang,2 tahun lalu
"View pantai yg sangat indah, jika kita memandang hamparan laut yg luas.
Ditempat ini banyak tempat untuk spot photo sebelum memasuki area parkir/pantai. Keluarkan kameramu dan arahkan ke titik spot photo yg indah atau selfie sendiri â€¦",5 bintang,2 tahun lalu
"Enak banget buat santai tiduran di pantai, terus sorenya main kayak sama pacar atau suami. Da best.",5 bintang,2 tahun lalu
"Pantai Pandawa merupakan salah satu pantai yang eksotis di Bali. Pantai bersih, pasir putih, Laut biru dan tebing-tebing yang telah di buat jalan juga ada patung dan ukiran di sisi tebing. kita dapat menikmati naik paralayang dari atas â€¦",5 bintang,4 tahun lalu
"Pantai yang sangat indah, begitu memukau para pengunjung, ğŸ˜ğŸ’“ â€¦",5 bintang,setahun lalu
Pantai bersih kebetulan pas momen liburan jadi rame sekali wisatawan lokal,4 bintang,7 bulan lalu
pantai yg nyaman dan tenang,5 bintang,7 bulan lalu
"Ombaknya tenang, pasir putih
Ke sana pas sunset
Ada juga persewaan kano
Cuma KM nya aja agak jauh",5 bintang,setahun lalu
"Pantai yang cukup Indah, apa lagi kalo sore. Parkiran luas. Disekitar parkiran juga banyak terdapat toko/warung. Wajib dikunjungi saat berkunjung ke Bali",5 bintang,5 tahun lalu
"Pantai Pandawa terletak di wilayah Kuta Selatan, Bali. Pantai ini memiliki pasir berwarna putih. Pantai dengan ombak yang tidak terlalu tinggi, sehingga relatif aman untuk bermain air, tetapi untuk anak-anak tetap harus didampingi oleh â€¦",4 bintang,5 tahun lalu
takjub sama tanah kapur yang bisa dibelah sedemikim rupa sehingga menjadi jalan menuju pantai â€¦,5 bintang,setahun lalu
"Pantai wajib dikunjungi ketika berlibur ke bali.
Pantai Pandawa salah satu pantai favorit yang dikunjungi oleh wisatawan, dikarenakan mempunyai tulisan yang besar terletak pada tebing yang tinggi. Pantai pandawa juga memiliki pemandangan yg indah dan pasirnya yg putih",5 bintang,2 tahun lalu
"Sewa payung 50 ribu. Lebih cocok sore hari kayanya kalau kesini, kalau siang hari panas sekali. Jangan lupa pakai topi, reapply sunscreen dan sunblock biar ga kena sunburn. Bisa sewa canoe disini. Tempat parkir juga luas. Untuk mobil dan bis dipisah parkirnya.",5 bintang,6 bulan lalu
"Pantai Pandawa Bali, salah satu pantai pasir putih terkenal di Bali yang wajib di kunjungi jika anda liburan di pulau dewata. Pandawa beach terletak di Desa Kutuh, Kabupaten Badung dan lebih terkenal di kalangan wisatawan mancanegara â€¦",5 bintang,setahun lalu
"Air pantainya bersih dan biru,bisa main kano juga",5 bintang,9 bulan lalu
Tempat yang Bagus.  Bisa melihat laut dari bukit.  Merupakan tempat yang cocok juga pergi bersama keluarga.  Htm per orang Rp 8.000 parkir Rp 2.000 untuk motor.  Sangat cocok untuk berfoto juga,5 bintang,3 tahun lalu
"Masih perlu di tata lagi supaya lebih exclusive dan berkelas. Kesan pertama pasir putihnya oke, tapi ternyata karangnya lumayan tajam di kaki. Overall oke sih.... Apa sih yg gak oke di Bali ?",4 bintang,2 tahun lalu
"Pantai bagus, dan selalu rame turis",4 bintang,5 bulan lalu
"Salah satu pantai di Bali yang indah banget, pantai nya masih bersih, ada beberapa pedagang juga, akses nya juga mudah",5 bintang,9 bulan lalu
"Lokasinya berada di ujung selatan pulau Bali, kurang lebih 25 km dari pusat kota Bali, sekitar 1 jam 30 menit perjalanan jika menggunakan motor. â€¦",5 bintang,4 tahun lalu
"Pantainya bagus, ombaknya kuat, bagus untuk berjemur dan berenang di pantai.",5 bintang,setahun lalu
"Sangat indah â¤ï¸ cukup ramai, kalau mau yang tidak terlalu ramai bisa ke ujung, ada spot tebing juga, bisa berenang juga di ujungnya, karna ada tebing jadi bisa berteduh â¤ï¸",5 bintang,setahun lalu
"Selalu senang menikmati keindahan pantai Pandawa. Belakangan ini, pantai Pandawa juga sedang dalam proses pengembangan. Ada sebuah resort atau hotel besar yg sedang dibangun. â€¦",4 bintang,5 tahun lalu
Kalau ke Bali wajib ke pantai pandawa sebelum ke pantai nya dipinggir jalan nya ada patung2 terus jalan nya bagus dan bersih Akses wisata yang tidak pernah ada sepi nya untuk dikunjungi di Bali. Nyaman juga . Untuk view nya sangat bagus pokoknya,5 bintang,11 bulan lalu
"Pantai Pandawa adalah salah satu kawasan wisata di area Kuta selatan, Kabupaten Badung, Bali. Pantai ini terletak di balik perbukitan dan sering disebut sebagai Pantai Rahasia. Di sekitar pantai ini terdapat dua tebing yang sangat besar â€¦",5 bintang,4 tahun lalu
sangat bagus cocok buat liburan keluarga . pemandangan yg bagus dan pantai yg tenang dan ombak yg tidak terlalu besar.. pokokny menyenangkn bgt,4 bintang,5 bulan lalu
"Pantainya bagus,, seneng deh main kesini. Meski jaraknya dari rumah lumayan jauh tapi terbayarkan dg bagusnya pantai. Biaya parkir 3rb, biaya masuk perorang 15rb. Dilokasi banyak disewakan dipan tempat berteduh, sambil selonjoran bisa â€¦",5 bintang,4 tahun lalu
"Tempat yang sangat di rekomended ketika kamu main ke bali. Pantai yang bersih, pantai yang putih, laut yang biru dan juga aman untuk berenang. Makanan dengan jenis seadanya tetapi harga yang masih masuk akal membuat pantai ini bisa di jadikan tempat tamasya dengan keluarga.",5 bintang,5 tahun lalu
"Pantainya banyak rumput laut kalau gak salah namanya, pasir putih, cocok kalau sore"" Kesana adem apa lagi bareng sama keluarga, disana juga banyak yg dagang makanan, biyaya masuk kesana tidak terlalu mahal, gak sabar mampir lagi",4 bintang,2 tahun lalu
"Sudah banyak sekali perubahan nya
Harga tiket masuk nya 8k per orang
Dan loket tiketnya juga cakep banget.
Parkiran luas",5 bintang,2 tahun lalu
"Sangat bahagia bisa berkunjung kepantai pandawa seru pemandangan yg buagus,wajib kunjungi woyy",5 bintang,setahun lalu
"Tempatnya asyik dan keren untuk berfoto tapi kalau datang agak siang terasa sangat panas. Pepohonan memang hanya sedikit. Sebagai tempat tujuan wisata yang relatif lebih belakangan dikenal, Pantai Pandawa menjadi tujuan favorit turis asing â€¦",5 bintang,2 tahun lalu
"Pantainya bagus untuk aktivitas berenang..., Jangan lupa siapkan uang untuk sewa payung pantai...ğŸ‘ â€¦",4 bintang,setahun lalu
Suka sekali saat datang ke pantai ini. Sebelum masuk area pantai kita melewati tebing yang digerus agar terlihat bersih dan rapih. â€¦,5 bintang,3 tahun lalu
"Sangat indah, air sangat jernih sampai terlihat kaki burik saya hehe, sangat nyaman dan sejuk..",5 bintang,setahun lalu
"Pantai pasir putih yg bersih, cocok untuk bersantai di sore hari. Bisa main cano karena bibir pantai yg dangkal. Bisa liat paralayang di langit.",5 bintang,5 bulan lalu
"bersih, nyaman, tidak ricuh, enak buat healing sendirian nyari ketenangan.",5 bintang,setahun lalu
"Pantai Wajib dikunjungi, sudah ramah wisatawan, ombak sedikit tenang, bisa untuk berenang. Spot foto juga bagus bagus.",5 bintang,2 tahun lalu
"Bali memang surga nya pemandangan mata ,apalagi partainya, tarif masuk sesuai, buat swa foto ok, dikunjungi saja biar tahu",5 bintang,5 bulan lalu
Tak terasa perjalanan dari Surabaya ke Bali tidak ada kendala walau hanya berdua dan di suguhi dengan langit yang cerah,5 bintang,setahun lalu
".Ini adalah salah satu pantai teekenal di Bali....

Saya suka dengan pantai ini, indah pantainya, bersih dan fasilitasnya memadai. â€¦",5 bintang,2 tahun lalu
Pantai di Bali yang terkenal. Kalau di peta berada disisi paling selatan. Disini kita bisa bermain kano. Pantainya pasir putih & cukup bersih. Pantainya panjang dan ombaknya tenang. Kalau menurut saya ini adalah pantai untuk wisatawan â€¦,4 bintang,5 tahun lalu
2 dewasa + 1 motor cukup bayar 18rb sangat murah..tersedia mushola juga,5 bintang,setahun lalu
Suka sekali sama pemandangannya dari atas,5 bintang,11 bulan lalu
"pantai ini indah dengan hamparan pasirnya yang berwarna putih dan lembut menambah daya tarik pantai ini, saat memasuki pantai ini, para pengunjung akan disambut patung-patung dewi Kunthi, Yudistira, Bima, Arjuna, Nakula dan Sadewa yang diukir didalam batu serta disambut tulisan pantai pandawa yang biasanya dijadikan spot photo",4 bintang,4 tahun lalu
tempatnya bagus,4 bintang,sebulan lalu
"Pantai nya keren,bagus untuk foto2 dan ad patung 5 ksatria pandawa",5 bintang,sebulan lalu
"Pantai Pandawa itu bagus banget, pasirnya putih, airnya jernih, banyak spot foto bagus terutama di daerah yang banyak batu besarnya. Harga jajanan di sini standar turis, tidak terlalu mahal, tapi tidak bisa dibilang murah. Saya ke Pantai â€¦",5 bintang,3 tahun lalu
"Pantai tersembunyi dibalik bukit.
Paling bagus di siang hari..
Karena pantai menghadap ke selatan.. â€¦",4 bintang,2 tahun lalu
"Salah satu pantai yang berada di daerah Badung Bali.. view sangat indah, pantai bersih, parkiran luas ada mushola juga.. Recomended di kunjungi",4 bintang,2 tahun lalu
Pantai yang indah kunjungan wajib bagi wisatawan lokal maupun internasional,5 bintang,6 bulan lalu
bersama keluarga juga saudara,5 bintang,seminggu lalu
Kembali mengulas Bali...  sekarang dengan * Pantai Pandawa * pantai ini indah nian... pengunjungnya jg banyak nih... ya begitulahhh kaloau di pantai ya... panaazzzz ğŸ˜ŠğŸ˜ tp jangan kuatir.. di tepi pantai ada yg nyewain tuhh payung3 buesar yg â€¦,5 bintang,4 tahun lalu
"Pantainya bagus, ada penjual makanan dengan harga terjangkau, tapi sepertinya belum dibangun atau tata secara maksimal",4 bintang,2 tahun lalu
"Pantai yang sangat indah,masih asri dan merupakan pantai yang wajib di kunjungi kalau kalian ke Bali,di sini untuk akses juga mudah, gampang di temukan tempatnya, fasilitas umum juga lengkap,makanan di sekitar pantai juga enak,di sini juga bersih gak ada sampah, pokoknya wajib di kunjungi kalau ke bali",5 bintang,5 tahun lalu
Pantai dengan keindahan warna air lautnya biru dan pasir putih. berada di balik tebing-tebing yang tinggi. Apabila mengunjungi Bali wajub ke tempat ini karena kalian akan merasakan indahnya ciptaan Tuhan yang sangat nyata. pantai ini cukup â€¦,5 bintang,5 tahun lalu
"Walau destinasi wisata yang belum terlalu lama hadir, namun kesan kita sangat senang terutama pemandangan pantainya, pasir putih ciri khas pantai Bali....
Kemudian selain lokasi yang di bawah tebing pantai Pendawa ternyata mempunyai â€¦",5 bintang,4 tahun lalu
AAAA KERENN BANGET PANTAI NYA AND BERSIH,5 bintang,3 bulan lalu
"Lumayan perjalanannya ksini,  tapi terbayarkan dengan view tebing dan pantai pandawa ini. Disarankan berfoto foto di pinggir pantainya jg ya, Karna sangat bagus pantainya",5 bintang,4 tahun lalu
"Pantai Pandawa merupakan pantai yang terletak di Bali bagian selatan . Pasirnya yang bersih,putih cocok untuk berenang ,snorkeling, kano dsb. Tiket masuk pantai Pandawa 20k/orang. Untuk kano,snorkeling perlu membayar lagi. Pantai ini ramai dikunjungi wisatawan baik lokal maupun asing ğŸ‘ â€¦",4 bintang,5 tahun lalu
"Happy Holiday!!
Jangan lupa mampir di tempat ini guysss.. Dijamin Spot nya KEREN BANGET!!",5 bintang,setahun lalu
"Pantai yang hits banget di Bali, tapi terlalu ramai jadi agak susah nikmati pantai nya. Harus nunggu agak sore banget baru bs nikmatin suasana pantai nya. Mulai dari jalan masuknya udah bikin terkesima dengan pemandangan gunung/bukit kapur yang dipotong dibuka untuk akses jalan, pemandangan yang unik.",5 bintang,5 tahun lalu
"Jalan menuju pantai jadi spot foto terbaik, lautan biru dengan pasir putih",5 bintang,setahun lalu
Kerennnnn pakai bingittt...bagussss,4 bintang,3 bulan lalu
"Pantainya sangat ramai, penuh anak-anak yang ikut rombongan study tour. Cukup bersih, tapi jelas tidak cocok untuk orang-orang yang mancari suasana tenang (lebih cocok Seminyak). Tiket masuk naik motor untuk dua orang Rp 18.000,00. Jajanan harganya masih terjangkau, untuk kelapa muda Rp 20.000.",4 bintang,4 tahun lalu
Beruntung sekali saya hari ini di pantai Pandawa bisa menikmati tarian kecak dengan pemandangan alam yang liar biasa.keliatan pelangi dan bulan Purnama serta sunset juga.bener2 luar biasa padahal hanya 1 jam saja saya duduk menonton tari kecak tapi mendapatkan hal yang luar biasa,5 bintang,3 tahun lalu
"Pantai yang udah populer banget di kalangan wisatawan domestik
Dulu saat pantai ini masih sepi ini adalah destinasi favorit turis asing
Landscape alami menuju pantai ini keren banget, makanya banyak dipakai untuk â€¦",5 bintang,3 tahun lalu
"Datang pagi pagi lebih sepi dan disini bisa main canoe hanya bayar 50rb bisa muat 3 orang untuk 1 canoe, pantainya juga tidak terlalu dalam, banyak orang orang yang mancing disini. Airnya seger banget karna gradasi warna birunya cantik â€¦",5 bintang,4 tahun lalu
"Salah satu pantai yang keren di bali. mendapat julukan secret beach atau pantai tersembunyi, dikarenakan letaknya yang berada dibalik tebing.Disini sedikit bule bulenya dan pantainya bersih dan Menjadi spot foto yang bagus.",5 bintang,4 tahun lalu
"Pantai Pandawa merupakan salah satu pantai yg mempunyai sejarah di Bali ,
Pantai bersih, air nya biru sangat indah, pasir putih pun melengkapi kesempurnaan â€¦",5 bintang,5 tahun lalu
"kalau ke bali wajib ke sini ya, bagus banget view pantainya. di sepanjang jalan menuju pantai juga ada patung pandawa yang besar",5 bintang,6 bulan lalu
"â— Tempat yang bagus & indah.
â— Tiket masuk murah
â— spot foto keren â€¦",4 bintang,setahun lalu
Pantainya asik banyak spot untuk foto,5 bintang,7 bulan lalu
Pantai yang Indah di Selatan Pulau Bali,4 bintang,sebulan lalu
"Salah satu destinasi wisata alam terbaik di bali, setiap orang akan dikenakan tarif tiket masuk dan parkir, jalan menuju pantai pandawa juga sudah sangat baik dan juga fasilitas sangat memadai",5 bintang,3 tahun lalu
"Pantai e bagus , spot buat photo "" jg bagus",5 bintang,8 bulan lalu
"Bagus viewnya jalan masuk pantai juga luar biasa pemandangan tebingnya, keren banget, luas tmp parkirnya, cuma kl siang panasnya luar biasa, enak kl sore bs lbh sejuk, pantainya juga lumayan bersih,ada juga penjual makanan disekitar pantai dgn harga terjangkau",5 bintang,3 tahun lalu
"Pantainya bersih,tiket masuk tidak terlalu mahal. Fasilitas lengkap . Ada wifi yang bisa digunakan, dan kenceng wifinya wkwk",5 bintang,5 tahun lalu
"Pantai Pandawa merupakan salah satu destinasi wisata pantai yang terkenal di Bali. Banyak wisatawan lokal maupun mancanegara berkunjung. Tempat parkir kendaraan sangat luas, food court sepanjang pantai. Tetapi mushola terlalu kecil untuk â€¦",4 bintang,4 tahun lalu
"Pantai Pandawa, laut berwarna biru ,ada sewa perahu dayung, banyak penjualan pakaian ,makanan, oleh oleh ,pasir putih, ada patung Dewi Kunti, Yudistira,Bima, Arjuna, Nakula dan Sadewa ,tersedia toilet dan tempat cuci setelah bermain pasir , parkir luas ,ada kendaraan apabila ingin lihat pemandangan dari atas , perorangan bayar 10rb",5 bintang,4 tahun lalu
"Pantainya sangat luas dan di kelilingi tebing yang sangat indah dengan pasir putihnya, ada permainan air, tersedia tempat duduk pinggir paintai sambil menikmati jagung bakar dengan es kelapa muda, banyak tersedia saluran air tawar untuk â€¦",5 bintang,5 tahun lalu
Jangan lupa mampir ke pantai Pandawa. Pantai yang biru dan bersih lautnya. Banyak touris domestik dan juga touris mancanegaranya. Tempat ini juga favorit bagi yang demen selfie maupun Photography serta travellers.,5 bintang,5 tahun lalu
"Jalan menuju ke Pandawa beach, melewati permukiman unik, bukan unik karena rumah atau kampung nya, tapi karena rumah mereka dibangun di atas tanah kapur (profil geologi nya). â€¦",4 bintang,5 tahun lalu
Bagus dan indah Pantainya masih bersih dari sampah-sampah plastik. Pasirnya putih dan ombaknya besar juga. Untuk pemandangan luar biasa bagus dan indah,5 bintang,5 tahun lalu
"Merupakan salah satu pantai terbaik dibali. disekitaran pantai ada perbukitan kapur, dan juga pada dinding"" bukit menuju pantai terdapat patung ukir dari tokoh pewayangan mahabarata. ada juga paralayang. soo good so bluee : )",5 bintang,4 tahun lalu
"areanya luas sekali dan pantainya bagus sekali, biru dan jernih, bisa lihat ikan kecil2 dan kepiting kecil. cocok buat bawa anak2 kesini dan main air. naik kano 50rb bisa didayungin jg atau dayung sendiri. bisa main paralayang diatas. ada â€¦",5 bintang,5 tahun lalu
"Saat masuk ke lokasi dinding tebing kiri menyambut dengan berjajar nya patung   patung  Pandawa  yang beranggotakan Yudhistira, Bima, Arjuna, Nakula dan Sadewa dengan Dewi Kunthi seolah  terkurung di Goa Gala-Gala / seperti dalam kisah â€¦",4 bintang,2 tahun lalu
"Aman Main pasir untuk anak-anak..

Pantai yang indah, dan berada ditepi gunung Karang",5 bintang,setahun lalu
"Pantai nya bagus sekali indah banget dan bersih, ombak nya kecil jadi aman kalo anak bermain di tepian, disini kita bisa sewa kano atau perahu kecil tuk harga sewa lupa lagi,dan kita bisa sewa tempat duduk yang da di depan warung harga sewa tenda ini jg lupa.,,",5 bintang,3 tahun lalu
"Tiket masuk lumayan murah 1 orang 9rb aja, untuk parkir lupa berapa .. pantai pasir putih yg bersih dan indah .. Uda dua kali kesini yg kunjungan pertama saat belum begitu rame jadi enak kayak pantai pribadi hahahaha, kunjungan kedua rame â€¦",5 bintang,5 tahun lalu
"Salah satu pantai yang recomend untuk di kunjungi saat ke bali, ada lapangan yang bisa buat acara gatering komunitas,paralayang,warung2 pinggiran pantai. Jalan menuju ke pantai menurun. Kalau mau foto di tulisan ""PANTAI PANDAWA""dari dekat bs membayar angkutan  10k dari    pantai pandawa menuju atas(spot tulisan)",4 bintang,4 tahun lalu
"Pantai Pandawa, salah satu pantai pasir putih terkenal di Bali yang wajib dikunjungi. Pantai Pandawa terletak di Desa Kutuh, Kabupaten Badung dan lebih terkenal dikalangan wisatawan mancanegara khususnya Australia dengan nama secret beach. â€¦",5 bintang,5 tahun lalu
"Ya walaupaun sudah tak sesepi dulu masih awal2.. Tapi pantai ini tetap punya Cerita... Nostalgia lagii.. Cocok dah kalo buat keluarga disinu. Parkir luas, Kano, main airr. Puass dahh",5 bintang,6 tahun lalu
tempat yang indah.. makanan/jajanannya cukup terjangkau.. parkirnya luas..  ada mushola juga buat yg mau menunaikan shalat pas waktunya,4 bintang,3 tahun lalu
"HTM cuman 8ribu, murah meriah, tempat bersih",5 bintang,setahun lalu
Pantai yang sangat indah tapi semenjak pandemi jadi sepi. Seperti private beach,5 bintang,setahun lalu
"destinasi yang mudah dituju,
Pantainya banyak karang, biota laut bisa terlihat di sepanjang pesisir pantai... â€¦",5 bintang,setahun lalu
"Pasir warna putih, langit yang cerah serta air nya yang selalu bernuansa biru. Membuat mata saat memandang menjadi tePasir warna putih, langit yang cerah serta air nya yang selalu bernuansa biru. Membuat mata saat memandang menjadi tenang, â€¦",5 bintang,4 tahun lalu
"Pantai Pandawa berlokasi di Desa Kutuh, Kecamatan Kuta Selatan di Kabupaten Badung Bali , tempat wisata yang termasuk kategori populer di Bali, bukan air dengan ombaknya saja yang menggugah tapi keindahannya juga bagus banget, pantai yang â€¦",4 bintang,5 tahun lalu
"Kalo main ke pantai Pandawa,cari parkiran ny yg sebelah ujung kiri aza karena disana bisa ngeliat pemandang bagus termasuk pemandangan bule-bule cewek yang cantik-cantik & seksi juga ğŸ˜‚ğŸ˜‚ğŸ˜‚ğŸ˜‚ğŸ˜‚ â€¦",5 bintang,4 tahun lalu
"Pemandangan yg indah dgn pasir putihnya... Pd siang hari sangat panas. Siap"" Pakai sunscreen ya",5 bintang,8 bulan lalu
"Indahnya ciptaan Tuhan, view yg bagus untuk berfoto dan menikmati pemandangan lautan lepas.",5 bintang,setahun lalu
"Pandawa beach bersih,hamparan pasir putih, dan ombak tidak terlalu besar.
Parkiran sangat luas tiket masuk juga murah.",5 bintang,setahun lalu
"pantai pasir panjang , di bawah tebing dengan ukiran patung pandawa. menikmati sunset dengan diiringi tarian kecak di pantai pandawa",5 bintang,setahun lalu
Menyenangkan...ada pilihan menu lumayan banyak...ada canoe...seru pokoknya,5 bintang,sebulan lalu
"Pantainya bagus, ada ikon untuk selfienya",5 bintang,8 bulan lalu
Amazing. Pantai yg nyaman utk mendayung kano. Pemandangan sangat eksotis. Bakal ke sini lagi.,5 bintang,3 tahun lalu
"Tiket masuk masih mahal,apalagi untuk orang lokal/bali",3 bintang,6 bulan lalu
"masih sama, seperti dulu 2017. foto 14 juni 2019.
semoga selalu di pertahankan ttg kebersihan dan keramahan petugas.",5 bintang,4 tahun lalu
"Pantai yang dikemas sangat Indah karena bersatu dengan alam, bisa buat tempat reservasi pernikahan, seperti yang pernah saya lihat sendiri. Waktu itu ada Bule Mancanegara dari Rusia yang melangsungkan acara pernikahan di Pantai ini. Dijamin sangat berkesan",5 bintang,6 bulan lalu
"Pantai yang sangat bagus dan cocok untuk berenang karena ombak tidak terlalu tinggi, di sisi pantai banyak sekali toko oleh oleh",5 bintang,3 tahun lalu
"salah satu pantai yang ada di kawasan wisata pulau Dewata Bali, jalan menuju pantai yang naik turun dan berbelok, memanjakan mata, parkir luas dan nyaman, pantai yang Indah. Cocok untuk liburan keluarga anda.",5 bintang,4 tahun lalu
"Salah satu icon Pulau Bali, pantai dengan air biru dan pasir yang putih.. bersih dengan pemamdangan indah, patung2 Dewa tampak Bagus..",5 bintang,setahun lalu
Pantainya bersih tapi syg sekali gara2 Corona Jadi sepi....,5 bintang,2 tahun lalu
"Tempat wisata yang lagi populer nih , temen2 yang abis dari GWK wajib kesini sekitar 30 menit dari GWK
karna emang baru hati2 ya temen2 jalan ke pantai ini tikungan tajam + menurun + â€¦",5 bintang,6 tahun lalu
"Amaziiiing ğŸ¤© betah bgt pantainya indah bersih dan gx terlallu penuh orang ğŸ¤—
Ada fasilitas mushala-nya juga,,Alhamdulillah..
Semoga lain kali ksna lagi mushala-nya dbuat lebih layak pakai yaa..dan objek wisata lain juga menyediakan mushala biar Bali jd Moslem Friendly Destination ğŸ˜‡ â€¦",5 bintang,setahun lalu
"Pantai ini wajib banget buat kalian yang suka sama wisata pantai.. Selain pemandangan nya yang oke, tempat nya luas banget dan ga akan desak2an sama orang.. Ombaknya juga bersahabat.. Tapi buat yang suka berselancar mesti geser dikit ke â€¦",4 bintang,6 tahun lalu
"Tempatnya bagus tapi kebersihannya kurang
Dibanding dengan pantai melasti kebersihannya kerasa bedanya
Di pantai pandawa banyak juga spot foto yang bagus
Tp untuk di pantainya cukup banyak anjing",5 bintang,setahun lalu
"Sepi bgt nich ğŸ’” padahal pandawa tampilan baruuuu , tiket masuk 8k/org , motor 2k â€¦",5 bintang,2 tahun lalu
"Infonya, pantai ini dahulu tempat budidaya rumput laut, jadi jangan aneh kalau dipinghir pantai banyak rumput2 laut yang berserakan terbawa ombak, untuk pasirnya juga cukup unik seperti batu2 bulat kecil, bisa berenang san bermain cano, kalau sore pantai surut bentangan batu dasar laut pun nampak",4 bintang,4 tahun lalu
"Sangat direferensikan , lokasi indah dgn pandangan pantai luas, tdk bisa di lewatkan kalau di Bali.",5 bintang,setahun lalu
"Jajaran pantai yg panjang, dengan ombak yg relatif tenang cocok buat berenang, atau naik kano....",5 bintang,3 bulan lalu
"Masyaa Allah Pantainya seperti lukisan....baguuuuuusss, indahhh...",5 bintang,setahun lalu
"Bgtu sampai d bali saya bnar2 takjub pada keramahan penduduk asli bali.
Pantai2 d skitar bali bner2 luar biasa indahnya.
Kbetulan saya brkujung pada saat ada acara peringatan hari nyepi. â€¦",5 bintang,6 tahun lalu
Pantai yg bagus buat santai d waktu yg panas.. da tukang pijit yg enak buat seger badan yg cape keliling pantai,5 bintang,setahun lalu
"Pas kunjungan saya ke pantai ini saya rada kecewa karena banyak rumput di sekitaran pantai jadi kalo mau berenang ya rada males, biaya masuk 9k per orang dan kalo mau naruh tas atau baju di bawah meja payung harus bayar 50k per 3 jam (kalo â€¦",3 bintang,3 tahun lalu
"Bagus bgt disini pemandangannya, cocok ajak pacar, keluarga dan temen kesini",5 bintang,setahun lalu
Tempat nya bagus dan harga tiket wort it untuk pelajar,5 bintang,setahun lalu
"Sangat indah, cocok buat spot foto",5 bintang,6 bulan lalu
"Pantai dengan pemandangan yang indah ke samudra.
- Kalo pengen nyewa cano bayar 50k untuk bertiga, bisa dibantu masnya atau dengan kelompok sendiri. â€¦",5 bintang,4 tahun lalu
"Indah banget pemandangan di pantai ini, apalagi kalau diliat dari atas, airnya biru dan bersih, ombaknya rumayan gede mungkin buat olahraga selancar bisa kali. Terus di atas ada patung - patung besar, bagus banget buat foto - foto. â€¦",5 bintang,5 tahun lalu
Suasana ramai dengan wisatawan domestik. Sempat menikmati coconut water di pantai Pandawa,5 bintang,2 tahun lalu
"Salah satu di antaranya adalah Pantai Pandawa. Pantai ini dikenal memiliki sejuta pesona, namun belum banyak orang tahu. â€¦",5 bintang,setahun lalu
"Pantai di sebelah selatan Pulau Bali dengan pasir putihnya,

Cocok maen disini diwaktu sore atau Pagi hari.",5 bintang,2 tahun lalu
"Dan kau bisa menilai ... Lebih bijaksana ...ğŸ¤©

Masih ragu mau ke sini?? â€¦",5 bintang,11 bulan lalu
"Pantai Pandawa Bali saat ini sedang populer di kalangan wisatawan domestik. Selain itu, sebagian besar wisatawan domestik yang berlibur ke tempat wisata Bali selatan, selalu mencantumkan rute mengunjungi pantai Pandawa. Keunikan dan â€¦",5 bintang,4 tahun lalu
"Pantai yg pas buat anak bermain air dan mainan air lainnya...
Dan yg bikin manthap jalur menuju lokasinya hehe...",5 bintang,2 tahun lalu
"Tempat yang sangat indah untuk berenang,  tiket masuk hanya 8rb dan tiket motor 2rb rupiah saja, di sepanjang jalan menuju pandawa anda akan di sajikan banyak pemandangan indah",5 bintang,5 tahun lalu
"Salah satu pantai terbaik dibali, pantainya bersih pasirnya putih karena mungkin langsung menghadap samudra... harga masuk juga sangat murah... kalau air surut bisa sewa kano dan bermain di tengah karang2... buat kalian yg belum pernah ke pantai ini wajib deh ğŸ‘ğŸ»ğŸ˜ â€¦",5 bintang,5 tahun lalu
Palinh suka pantai satu ini. Jalan akses menuju pantai sangat nyaman dan lebar aspalnya halus. Dikelilingi tebing tinggi yang indah. Serta tempat parkir yang luas pantai bersih. Ombaknya landai bikin anak2 betah bermain dan tidak kuatir ombak besar saat berenang. Bisa bermain kano.,5 bintang,setahun lalu
"Pantainya bersih, bagus banget kalo dilihat dari atas. Htm kemarin berdua bawa mobil Rp. 21.000",5 bintang,setahun lalu
"Dapat kerjaan lagi ke Bali,,
Pantai Pandawa ,,hhhmmmmm ini surga nya Para pe surfing ,, ombak nya gila ...
Cuma mau bilang, ini kerennnnn abis â€¦",5 bintang,2 tahun lalu
Pantai pasir putih yang bersih...  Penjual yang menjual dengan harg terjangkau..  Tempat terbaik untuk minum kelapa muda yaitu dipinggir pantainya.. Lokasi Bagus banget..  Banyak tempat yang bisa dijadikan spot spot foto dan kamu bisa pamerin di ig kamu... ğŸ˜€ğŸ˜€ â€¦,5 bintang,5 tahun lalu
"Cocok untuk liburan bersama teman dan keluarga, area parkir luas, pantai bersih, tersedia banyak stand makanan, spot foto, kamar mandi, penjual souvernir, serta sampan jika ingin menyebrang ke tengah laut/memancing ditengah laut.",4 bintang,setahun lalu
"Pantai pasir putih yg indah. Pemandangannya luar biasa. Pantainya bersih. Rame juga, karena pantai ini cukup hitz saat ini. Kalau siang emang panas banget sih. Di bagian timur ada spot bagus, di karang-karangnya. Pokoknya pantai ini recommended banget dan wajib jadi itinerary buat yg mau ke Bali :))",5 bintang,5 tahun lalu
Pantai bagus bersih dan paair putih halus. Bisa buat paraglaiding parasailing terjun payung bisa melakukan aktivitas kano juga dengan membayar 50.000 per kano dan bisa digunakan untuk 2 orang,5 bintang,2 tahun lalu
"Pantai bagus, pembangun masif, toilet, kamar mandi juga bersih, serta pemandagan nya bagus",5 bintang,5 tahun lalu
"Pantai nya bersih
Pasir putih
Sepi â€¦",4 bintang,3 tahun lalu
"Pantai bagus , lebih bagus lagi free entry ğŸ‘ğŸ‘ğŸ‘Œ â€¦",4 bintang,sebulan lalu
"Pantai pandawa saat ini sudah banyak berubah. Dulu 2017 saya berkunjung masih sangat sepi dan asri. Namun skrg sudah banyak warung dan juga cafe, jalannya pun sudah dibangun sedemikian rupa.",5 bintang,4 tahun lalu
"Jalan tebing nya keren banget , ada patung patung dewa, tulisan raksasa pantai pandawa nya jadi ikon yang menunjukan keindahan pantai pandawa, banyak spot untuk selfi yang instagramable banget. Tapi kalo kesini jangan pas tengah siang panas banget, panasnya membakar kulit",5 bintang,2 tahun lalu
"Pantai yg menakjubkan, dan sangat2 indah,  pasirnya yg indah. Airnya bening bersih, pemandangan kelaut lepas seakan2 membawa kita melayang jauh ke langit, plong semua beban yg dipikiran, dan ingin kesana lagi.",5 bintang,5 tahun lalu
"Pantainya bersih, hanya saja dikarenakan pandemi, sepi sekali.",5 bintang,2 tahun lalu
"Tiket masuk pantai pandawa adalah Rp10.000 per orang dan untuk kendaraan motor Rp2.000, pantai nya indah banget, dengan warna air biru tosca ditengah, yg bisa digunakan untuk berenang, pemandangan sekitar juga bagus bgt, lokasi mudah â€¦",5 bintang,3 tahun lalu
"tidak pernah bosan berkunjung ke pantai ini, suasananya syahdu, mantappp ğŸ˜ â€¦",5 bintang,2 tahun lalu
"pantainya bagus, cocok untuk brwisata, cuma sedkitr agak panas, tebing tebingnya bagus",5 bintang,2 tahun lalu
"Air nya bening,,pasir nya putih,,cuma kadang suka ada pecahan botol di pantai,,jadi hati"" yaa..terimakasih sudah menyediakan mushola..semoga kedepan mushola nya agak sedikit di perbaiki..",4 bintang,4 tahun lalu
Bali emang surganya pantai,5 bintang,3 bulan lalu
"pantai bersih, view bagus, statue bagus2, tiket masuk dan kano dan sewa payung murah + pijat ibu2nya murah dan ramah",5 bintang,4 tahun lalu
"Lagi rame karena ada event VWD, luas dan cantik",5 bintang,setahun lalu
"Keren, pantainya indah banget. Suka pengen kesini lagi!",5 bintang,3 minggu lalu
Tempatnya banyak tebing dan patung-patung. Ada satu spot dari pintu masuk yang bisa ke tempat tinggi dan sepi. Pemandangan dari situ sangat keren. â€¦,5 bintang,2 tahun lalu
"Pantai ini sudah mulai rame dikunjungi orang saat libur dan sudah mulai ditata dengan rapi 3tahun terakhir ini
Saat kunjungan pertama kurleb 4th lalu, masih belum teratur dan tertata rapi â€¦",4 bintang,5 tahun lalu
"Keindahan pantai pandawa  bali benar benar membuat takjub dengan keindahan alam semesta ini...
Sampai di tempat itu seakan saya di sajikan pemandangan yg eksotis..alam yg alami ..alam yg membuat tenang untuk melihat luasnya dunia",5 bintang,4 tahun lalu
"Pantai yang jernih dan landai membuat keluarga betah berenang disini, selain itu dengan adanya relief di dinding tebing menjadikan spot berselfie yang oke",5 bintang,4 tahun lalu
"Jalan menuju pantai bersih
Jalannya halus
Pantainya kurang bersih pas kesitu â€¦",5 bintang,setahun lalu
"Pantai ini indah, pasirnya juga cantik.
Air lautnya biru bersih, â€¦",4 bintang,4 tahun lalu
Bagus pemandangan bagus asik buat selvi,5 bintang,setahun lalu
"Perpaduan pantai dan tebing yang menawan. Serta pasir putihnya yang lembut. Menjadikan objek wisata ini, menjadi salah satu pantai terbaik dan wajib di kunjungi di Bali. Hanya saja warung pedagang di sekitar pantai, masih belum tertata dengan baik.",4 bintang,4 tahun lalu
"Pantai pandawa Bali, meskipun sering kesini gak bosan karena selalu ada wajah baru di jalan menuju pantai",5 bintang,3 bulan lalu
Enak datang sore,5 bintang,seminggu lalu
Tempat yamg eksotis.  Masi bersih......  Pantai biru...  Pasir putih.....  Cuma sayang fasilitas umum belum 100% beres.  But it's cool,4 bintang,2 tahun lalu
Pantai pandawa adalah salah satu destinasi wisata yang sangat indah. Tempat ini menyajikan pemandangan yang sangat indah. Perjalanan menuju pantai dewata juga tidak kalah indah dikarenakan kita harus melewati gunung kapur yang sangat memanjakan mata. Dan juga beberapa patung dari tokoh pewayangan yang sangat indah,5 bintang,2 tahun lalu
"SPOT pantainya Indah!!! cuma ya mohon maaf kalau kesini harus siap siap pake sunblock, cocok buat kamu yang pengen ngubah warna kulit secara instant tapi ga mau ke salon kulit... â€¦",4 bintang,3 tahun lalu
"English-Indonesian
It's good beach. The situation is so calm and good for picnic with family or friends. There are 5 big statues around there. We can take photo from up of â€¦",5 bintang,4 tahun lalu
"Pantai nya bagus bgt, bersih, ada tiket masuk nya /orang, tapi ga kecewa dngn view yg didapat.
Pokoknya ok ğŸ‘ â€¦",5 bintang,setahun lalu
"Pantainya ga sebagus dulu.. Agak sedikit lebih tidak tertata rapih, tapi masih trmasuk asri dan cukup bersih..",4 bintang,2 tahun lalu
Jika punya hati utk jalan2 sempatkan mampir ke pandawa beach,5 bintang,11 bulan lalu
"Tempatnya bersih, pantai cocok buat anak-anak karena ombak nggak besar. Pemandangan sebelum masuk pantai sangat indah. Kalo berkunjung pas musim liburan macetnya minta ampun",4 bintang,4 tahun lalu
"Pantai nan elok dan bersih,, tanpa sampah2,,mantap untuk berjemur,, namun hati2 dengan Ombak nya yang besar bagi yang tak bisa berenang..",5 bintang,6 tahun lalu
"Pantainya sangat bangus, terdapat juga patung pandawa besar",5 bintang,setahun lalu
"pandawa salah satu tempat wisata yg luarbiasa dibali , tapi  tiket masuk untuk wisatawan domestik saya rasa masih terlalu mahal 20000 per orang dan tambah parkir 2000 utk motor , ..",4 bintang,2 tahun lalu
"Pantainya bersih,  pasirnya putih jalan aksesnya mudah.  Rekomendasi banget dah keren",5 bintang,5 tahun lalu
"Salah satu tempat yang bagus untuk di kunjungi di bali.
Kalau anda ingin bermain kayak disini punya.",5 bintang,2 tahun lalu
"Recommended untuk dikunjungi. Ombaknya cukup tenang. Bisa bermain kayak dengan nyaman. Tersedia fasilitas penyewaan tenda, tikar, mandi dan toilet. Di area parkiran tersedia mushola, penyewaan sepeda listrik, pedal car. â€¦",5 bintang,setahun lalu
Bagus banget tempatnya suka buat rekreasi,5 bintang,sebulan lalu
Sippp coba pake mobil khusus. Cuma 10rb perorang bisa keliling pantai sampai atas tanpa panas2an,5 bintang,5 tahun lalu
"Pantainya bagus banget, bisa main kano kl sore. 9/10 utk pantainya. Tp 4/10 utk kamarmandinya, memprihatinkan. Sedih banget ngantri di Toilet dan kamar ganti dan  tempat basuhnya yg sangat terbatas, bau, campur pria dan wanita. Mohon jadi perhatian.",3 bintang,7 bulan lalu
"Pantai bagus banget, pasir putih.. cocok untuk anak2",5 bintang,setahun lalu
Pandawa beach dgn pemandangan alam yg indah dengan disertai Pajangan Patung2 Dewa yg megah dan besar ukurannya.,4 bintang,setahun lalu
Pantainya bagus. Bisa main kano di sini atau duduk2 minum es kelapa,5 bintang,3 bulan lalu
Tempatnya keren. Dan pantai yang di sebelah tebing asik buat berendam karna ombaknya kecil. Boleh di coba juga naik ke atas tebing buat liat pemandangan yang keren sekali,5 bintang,5 tahun lalu
Di sini paling cocok foto di jalan sesudah pintu tiket masuk pantai. Sepanjang jalan aspal yg lebar dengan tebing sisi kiri dan background laut memang memukau bah kan mengalahkan view saat kita sudah di pantainya.,4 bintang,setahun lalu
"Pantainya indah, sunset nya bagus, pertunjukan tari kecak nya luar biasa.!",5 bintang,2 tahun lalu
Indah,5 bintang,sebulan lalu
"Pemandangan yang sangat menaljubkan,, terdapat tebing batu sangat besar bertuliskan sign â€œPantai pandawaâ€ ,, melihat hamparan laut dengan warna biru dan tosca disertai debur ombak yang sangat memanjakan mata,,, atmosphere nya menenangkan,,, terdapat juga patung patung pandawa,,, berharap bisa datang lagi ke sini",5 bintang,4 tahun lalu
"Sumpah banget, kesini lagi bulan maret padahal juni 2022 udah perna kesini because studytour my school. Secandu itu si, yang bikin nangih pemandangan buat turun ke pantainya. Jujur buat pantainya di aku kurang puas, buat pemandangan jalanan oke bangeeeet. very excitingğŸ¤© â€¦",5 bintang,6 bulan lalu
"Jangan ketipu sama gambar teman, di foto pantainya keliatan sepi, aslinya rame pakek banget orang yang dateng ke sini. Secara tempat hits. Fasilitasnya juga lumayaan lengkap. Ada parkir luas, kamar mandi, pedagang makanan, sewa kano, sewa â€¦",5 bintang,5 tahun lalu
"Pantai pandawa kerenğŸ‘ğŸ»
Mataku di suguhi pemandangan yg begitu indah. â€¦",5 bintang,setahun lalu
"Pantai yang populer di kalangan turis lokal. Biasa aja, tidak ada yang spesial.",5 bintang,sebulan lalu
"Jalan menuju Pantai Pandawa sangat menarik...Ada empat spot yang dapat diambil yaitu :
1. Tebing tebing dan perjalanan menuju Pantai Pandawa. â€¦",5 bintang,setahun lalu
"View yg keren, dngan tebing dan pemandangan laut yg bagus dri ketinggian saat awal kita masuk ke arah pantai pandawa.",5 bintang,setahun lalu
"Tiket masuk 3 orang motor 2 bayar 28ribu.
Tempat asyik enak ,nyaman,bnyak spot foto.",4 bintang,3 tahun lalu
"Pantai bersih, perjalanan menyenangkan dengan ukiran bukit yang menawan",5 bintang,3 bulan lalu
"Indahh nyaman ,jadi pengen ke situ lgi,,,bagi yang belum pernah klo ada waktu main"" ke pantai Pandawa ğŸ‘ â€¦",5 bintang,setahun lalu
"pertama kali kesini 2016 masih dikembangkan, kemarin kesini lagi pas lagi corona sayang banget jadi nggak terawat, kata yang berjualan di sekitar pantai sejak pandemi pengunjung sepi... semoga segera pulih kembali negeri kita",4 bintang,2 tahun lalu
Sebuah pantai yang udah sangat amat sangat fenomenal di bali terutama untuk para turis lokal... Ketika musim liburan sekolah tiba pantai ini adalah tujuan utama dari para pelancong dari dalam ataupun luar negri... â€¦,5 bintang,5 tahun lalu
"Salah satu pantai di Bali yang memiliki tingkat kebersihan cukup baik. Pantai ini dapat menjadi pilihan tempat wisata bersama keluarga. Sore hari, pantai ini akan menjadi lebih menarik. Air laut lerlihat begitu biru dengan hamparan langit yang akan memanjakan mata.",5 bintang,5 tahun lalu
"Keren banget pantai nya.. masih alami, bersih, air lautnya jernih banget ğŸ˜ŠğŸ¥°ğŸ˜
Maha besar ciptaan Mu ya Allah... ğŸ¤²ğŸ» â€¦",5 bintang,setahun lalu
Datang pas pandemi jadi sepi bets~ Tenang n recomend bgt buat yg honeymoon atau sekedar relax melepas penat. Makanan di kantin2 pingir pantai juga standard lah~ indomie goreng plus telur 15K mah standard apalagi ini pantai n bali yg â€¦,5 bintang,3 tahun lalu
